ID,Date,Text
-35068738,2019-12-23T12:14:50.000Z,–ü–æ–µ—Ö–∞–ª–∏ –≤ –ö—Ä—ã–º —Ç–µ–ø–µ—Ä—å –∏ –Ω–∞ –ø–æ–µ–∑–¥–µ! –í–ª–∞–¥–∏–º–∏—Ä –ü—É—Ç–∏–Ω –æ—Ç–∫—Ä—ã–ª –∂/–¥ —Å–æ–æ–±—â–µ–Ω–∏–µ –ø–æ –ö—Ä—ã–º—Å–∫–æ–º—É –º–æ—Å—Ç—É. –ü–æ–µ–∑–¥ —Å –ø—Ä–µ–∑–∏–¥–µ–Ω—Ç–æ–º –†–æ—Å—Å–∏–∏ –æ—Ç–ø—Ä–∞–≤–∏–ª—Å—è –∏–∑ –ö–µ—Ä—á–∏ –≤ –¢–∞–º–∞–Ω—å.  –ù–∞ –¥–∞–Ω–Ω—ã–π –º–æ–º–µ–Ω—Ç –º–æ—Å—Ç –≤ –ö—Ä—ã–º —è–≤–ª—è–µ—Ç—Å—è —Å–∞–º—ã–º –ø—Ä–æ—Ç—è–∂—ë–Ω–Ω—ã–º –≤ –†–æ—Å—Å–∏–∏ ‚Äì –µ–≥–æ –¥–ª–∏–Ω–∞ —Å–æ—Å—Ç–∞–≤–ª—è–µ—Ç 19 –∫–∏–ª–æ–º–µ—Ç—Ä–æ–≤. –ê–≤—Ç–æ–º–æ–±–∏–ª—å–Ω–∞—è —á–∞—Å—Ç—å –º–æ—Å—Ç–∞ –±—ã–ª–∞ –æ—Ç–∫—Ä—ã—Ç–∞ 16 –º–∞—è –ø—Ä–æ—à–ª–æ–≥–æ –≥–æ–¥–∞.
-35068738,2019-12-24T20:04:27.000Z,–†–µ–≤–∞–∑–æ–≤ –ê—Ä—Å–µ–Ω ‚Äî —ç—Ç–æ –∞—Ä—Ç-—Ñ–æ—Ç–æ–≥—Ä–∞—Ñ –ø—Ä–µ–¥–ø—Ä–∏–Ω–∏–º–∞—Ç–µ–ª—å –∏ –ø–∏—Å–∞—Ç–µ–ª—å-—Ñ–∞–Ω—Ç–∞—Å—Ç. –ù–∞ –≤—ã—Å—Ç–∞–≤–∫–µ –ø—Ä–µ–¥—Å—Ç–∞–≤–ª–µ–Ω–æ –æ–∫–æ–ª–æ 100 –µ–≥–æ —Ñ–æ—Ç–æ–ø—Ä–æ–∏–∑–≤–µ–¥–µ–Ω–∏–π –±–æ–ª—å—à–∏–Ω—Å—Ç–≤–æ –∏–∑ –∫–æ—Ç–æ—Ä—ã—Ö –≤–ø–µ—Ä–≤—ã–µ –ø–æ–∫–∞–∑–∞–Ω—ã –≤ –†–æ—Å—Å–∏–∏. –ü–æ–¥—Ä–æ–±–Ω–µ–µ: https://s.m24.ru/XDeNSt
-35068738,2019-12-24T19:04:23.000Z,–î–µ—Ç–∏ –Ω–µ –ø–æ—Å–µ—â–∞—é—Ç —à–∫–æ–ª—É –∏ –ø–æ—á—Ç–∏ –Ω–µ –≤—ã—Ö–æ–¥—è—Ç –Ω–∞ —É–ª–∏—Ü—É –≤ –∫–≤–∞—Ä—Ç–∏—Ä–µ –Ω–µ—Ç —ç–ª–µ–∫—Ç—Ä–∏—á–µ—Å—Ç–≤–∞. –í —Ç–∞–∫–∏—Ö —É—Å–ª–æ–≤–∏—è—Ö –∂–∏–≤—ë—Ç –º–Ω–æ–≥–æ–¥–µ—Ç–Ω–∞—è —Å–µ–º—å—è –Ω–∞ —é–≥–æ-–∑–∞–ø–∞–¥–µ —Å—Ç–æ–ª–∏—Ü—ã. –ü–æ—á–µ–º—É?
-35068738,2019-12-24T18:32:38.000Z,–ü–æ–µ–∑–¥–∞ –≤ –Ω–æ–≤–æ–≥–æ–¥–Ω–µ–º –æ—Ñ–æ—Ä–º–ª–µ–Ω–∏–∏ —É–∂–µ –≤–æ–≤—Å—é –µ–∑–¥—è—Ç –≤ –º–µ—Ç—Ä–æ —Ä–∞–¥—É—é—Ç –º–æ—Å–∫–≤–∏—á–µ–π. –í–∞–º –ø–æ–ø–∞–¥–∞–ª–∏—Å—å? –ù–∞ –∫–∞–∫–æ–π –ª–∏–Ω–∏–∏?  –§–æ—Ç–æ: –ê–ì–ù ¬´–ú–æ—Å–∫–≤–∞¬ª
-35068738,2019-12-24T18:02:50.000Z,–ß–µ–ª–æ–≤–µ–∫ –∫–æ—Ç–æ—Ä—ã–π –º–æ—Ç–∏–≤–∏—Ä—É–µ—Ç. –°–µ–≥–æ–¥–Ω—è –º—ã –≤—Å–ø–æ–º–∏–Ω–∞–µ–º –∞–∫—Ç—ë—Ä–∞ —Ä–µ–∂–∏—Å—Å—ë—Ä–∞ —Å—Ü–µ–Ω–∞—Ä–∏—Å—Ç–∞ –õ–µ–æ–Ω–∏–¥–∞ –§–∏–ª–∞—Ç–æ–≤–∞ ‚Äî –≤ —ç—Ç–æ—Ç –¥–µ–Ω—å –æ–Ω —Ä–æ–¥–∏–ª—Å—è. –ï–≥–æ –Ω–µ –º–æ–≥–ª–∏ —Å–±–∏—Ç—å —Å –≤—ã–±—Ä–∞–Ω–Ω–æ–≥–æ –ø—É—Ç–∏ –Ω–∏ –ø—Ä–æ–º–∞—Ö–∏ –Ω–∏ –¥–∞–∂–µ –±–æ–ª–µ–∑–Ω—å.
-35068738,2019-12-24T17:28:50.000Z,üí´ –ë–æ–ª–µ–µ 6 —Ç—ã—Å—è—á —É–∫—Ä–∞—à–µ–Ω–Ω—ã—Ö –∞–≤—Ç–æ–±—É—Å–æ–≤ —Ç—Ä–æ–ª–ª–µ–π–±—É—Å–æ–≤ —ç–ª–µ–∫—Ç—Ä–æ–±—É—Å–æ–≤ —Ç–∞–∫—Å–∏ –∏ –ø–æ–µ–∑–¥–æ–≤ –º–µ—Ç—Ä–æ! –£—Å–ø–µ–π—Ç–µ –ø—Ä–æ–∫–∞—Ç–∏—Ç—å—Å—è –Ω–∞ —Ç—Ä–∞–Ω—Å–ø–æ—Ä—Ç–µ –≤ –Ω–æ–≤–æ–≥–æ–¥–Ω–µ–º –æ—Ñ–æ—Ä–º–ª–µ–Ω–∏–∏. –ü—Ä–∞–∑–¥–Ω–∏–∫ –∫ –Ω–∞–º –ø—Ä–∏—Ö–æ–¥–∏—Ç!–ü–æ–¥—Ä–æ–±–Ω–µ–µ: https://s.m24.ru/GCf8pi
-35068738,2019-12-24T16:02:21.000Z,–ü–æ—Ö–æ–∂–µ —É —ç—Ç–æ–≥–æ –≤–æ–¥–∏—Ç–µ–ª—è —Å–ª–∏—à–∫–æ–º –º–Ω–æ–≥–æ –ø—Ä–∞–≤.
-35068738,2019-12-24T15:03:17.000Z,–ì—Ä–∏—à–µ –≤—Å–µ–≥–æ –¥–≤–∞ –≥–æ–¥–∞ –∞ –±—Ä–æ—Å–∏–ª–∏ –µ–≥–æ —É–∂–µ –¥–≤–∞–∂–¥—ã. –°–Ω–∞—á–∞–ª–∞ –æ—Ç —Ä–µ–±—ë–Ω–∫–∞ –æ—Ç–∫–∞–∑–∞–ª–∞—Å—å —Ä–æ–¥–Ω–∞—è –º–∞—Ç—å –∞ –∑–∞—Ç–µ–º –ø—Ä–∏—ë–º–Ω–∞—è. –ú–∞–ª—ã—à—É –∏—â—É—Ç —Å–µ–º—å—é.
-35068738,2019-12-24T13:59:47.000Z,–ü–æ—Å–ª–µ —Ç–æ–≥–æ –∫–∞–∫ –≤–∏–¥–µ–æ ¬´—Å–∞–º–æ–≥–æ –≥—Ä—É—Å—Ç–Ω–æ–≥–æ –ø—Ä–∞–∑–¥–Ω–∏–∫–∞ –≤ –ö—Ä–∞—Å–Ω–æ—è—Ä—Å–∫–µ¬ª –ø–æ–ø–∞–ª–æ –≤ —Å–µ—Ç—å –º–µ—Å—Ç–Ω—ã–µ –∂–∏—Ç–µ–ª–∏ –ø–æ–æ–±–µ—â–∞–ª–∏ –ø—Ä–∏–π—Ç–∏ –Ω–∞ ¬´–≤–µ—á–µ—Ä–∏–Ω–∫—É¬ª ‚Äî —Å–æ–æ–±—â–∞—é—Ç –°–ú–ò.  –ù–∞ –≤–∏–¥–µ–æ –∞–Ω–∏–º–∞—Ç–æ—Ä—ã –≤ –∫–æ—Å—Ç—é–º–∞—Ö —Å–ª–æ–Ω–∞ —Å–æ–±–∞–∫–∏ –∏ —Å–≤–∏–Ω—å–∏ —Ç–∞–Ω—Ü—É—é—Ç –Ω–∞ —Å—Ü–µ–Ω–µ –¥–ª—è –≥–æ—Å—Ç–µ–π –∫–æ—Ç–æ—Ä—ã—Ö –Ω–µ—Ç. –ö–∞–∫ –æ—Ç–º–µ—Ç–∏–ª–∏ –∂—É—Ä–Ω–∞–ª–∏—Å—Ç—ã ¬´–Ω–æ–≤–æ–≥–æ–¥–Ω–µ–µ —à–æ—É¬ª –ø—Ä–æ—Ö–æ–¥–∏—Ç –∫–∞–∂–¥—ã–µ –≤—ã—Ö–æ–¥–Ω—ã–µ –≤ –≥–æ—Ä–æ–¥—Å–∫–æ–º –ø–∞—Ä–∫–µ.
-35068738,2019-12-24T12:59:53.000Z,–ü–∞—Ü–∏–µ–Ω—Ç—ã —Å –º—É–∫–æ–≤–∏—Å—Ü–∏–¥–æ–∑–æ–º —Å–º–æ–≥—É—Ç –ø–æ–ª—É—á–∏—Ç—å –¥–µ–Ω–µ–∂–Ω—É—é –∫–æ–º–ø–µ–Ω—Å–∞—Ü–∏—é –Ω–∞ –ª–µ–∫–∞—Ä—Å—Ç–≤–∞ —á—Ç–æ–±—ã –∫—É–ø–∏—Ç—å –∏—Ö —Å–∞–º–æ—Å—Ç–æ—è—Ç–µ–ª—å–Ω–æ. –û–± —ç—Ç–æ–º —Å–æ–æ–±—â–∏–ª–∞ –∑–∞–º–º—ç—Ä–∞ –ú–æ—Å–∫–≤—ã –ø–æ –≤–æ–ø—Ä–æ—Å–∞–º —Å–æ—Ü–∏–∞–ª—å–Ω–æ–≥–æ —Ä–∞–∑–≤–∏—Ç–∏—è –ê–Ω–∞—Å—Ç–∞—Å–∏—è –†–∞–∫–æ–≤–∞. –¢–∞–∫–∞—è –º–µ—Ä–∞ –ø–æ–º–æ–∂–µ—Ç –æ–±–µ—Å–ø–µ—á–∏—Ç—å –ø—Ä–µ–ø–∞—Ä–∞—Ç–∞–º–∏ –ª—é–¥–µ–π —Å —ç—Ç–∏–º –¥–∏–∞–≥–Ω–æ–∑–æ–º –≤ –ø–æ–ª–Ω–æ–π –º–µ—Ä–µ. –ü–æ–¥—Ä–æ–±–Ω–µ–µ: https://s.m24.ru/qAY2xf  –§–æ—Ç–æ: –ø–æ—Ä—Ç–∞–ª –º—ç—Ä–∞ –∏ –ø—Ä–∞–≤–∏—Ç–µ–ª—å—Å—Ç–≤–∞ –ú–æ—Å–∫–≤—ã/–ï–≤–≥–µ–Ω–∏–π –°–∞–º–∞—Ä–∏–Ω
-35068738,2019-12-24T12:31:38.000Z,üñã –≠—Ç–∏ —Å—Ç—Ä–æ–∫–∏ –∑–∞—Å—Ç–∞–≤—è—Ç –Ω–∞—Å –≤–∑–≥–ª—è–Ω—É—Ç—å –ø–æ-–Ω–æ–≤–æ–º—É –Ω–∞ –ø–æ–¥–≤–∏–≥ –Ω–∞—à–∏—Ö –ø—Ä–µ–¥–∫–æ–≤. –ú—ã —Å–æ–±–∏—Ä–∞–µ–º —É–Ω–∏–∫–∞–ª—å–Ω—ã–π —ç–ª–µ–∫—Ç—Ä–æ–Ω–Ω—ã–π –∞—Ä—Ö–∏–≤ –ø–∏—Å–µ–º –≤–æ–µ–Ω–Ω—ã—Ö –ª–µ—Ç #–ü–∏—Å—å–º–∞–ü–æ–±–µ–¥—ã75. –ü—Ä–∏—Å–æ–µ–¥–∏–Ω—è–π—Ç–µ—Å—å –Ω–∞ pismapobedy.ru ‚Äî —ç—Ç–æ –æ—Å—Ç–∞–Ω–µ—Ç—Å—è —Å –Ω–∞–º–∏ –Ω–∞–≤—Å–µ–≥–¥–∞.
-35068738,2019-12-24T11:51:01.000Z,–û—Ä–∏–≥–∏–Ω–∞–ª—å–Ω—ã–π —Å–ø–æ—Å–æ–± —Ä–µ—à–∏—Ç—å –¥–µ–º–æ–≥—Ä–∞—Ñ–∏—á–µ—Å–∫—É—é –ø—Ä–æ–±–ª–µ–º—É –Ω–∞—à—ë–ª –í–ª–∞–¥–∏–º–∏—Ä –ü—É—Ç–∏–Ω. –®—É—Ç–ª–∏–≤–æ–µ –ø—Ä–µ–¥–ª–æ–∂–µ–Ω–∏–µ –ø—Ä–æ–∑–≤—É—á–∞–ª–æ –Ω–∞ —Å–æ–≤–µ—â–∞–Ω–∏–∏ –ø–æ —Ä–∞–∑–≤–∏—Ç–∏—é —Å/—Ö –æ—Ç—Ä–∞—Å–ª–∏.
-35068738,2019-12-24T11:26:19.000Z,–ù–ï–î–ï–¢–°–ö–ò–ï –ò–ì–†–£–®–ö–ò –°–º–∞—Ä—Ç—Ñ–æ–Ω—ã –≤—Ä–µ–¥—è—Ç –¥–µ—Ç—è–º –±–æ–ª—å—à–µ —á–µ–º –º—ã –¥—É–º–∞–µ–º. –≠—Ç–æ –¥–æ–∫–∞–∑–∞–ª–∏ —Ä–æ—Å—Å–∏–π—Å–∫–∏–µ —É—á—ë–Ω—ã–µ.  –ß—Ç–æ –æ–Ω–∏ –æ–±–Ω–∞—Ä—É–∂–∏–ª–∏ –∑–∞ –≥–æ–¥—ã –∏—Å—Å–ª–µ–¥–æ–≤–∞–Ω–∏–π? –ö–∞–∫ –≥–∞–¥–∂–µ—Ç—ã –≤–ª–∏—è—é—Ç –Ω–∞ –∑–¥–æ—Ä–æ–≤—å–µ? –í –∫–∞–∫–æ–º –≤–æ–∑—Ä–∞—Å—Ç–µ —Ä–µ–±—ë–Ω–∫—É –º–æ–∂–Ω–æ –¥–∞—Ä–∏—Ç—å —Å–º–∞—Ä—Ç—Ñ–æ–Ω? –ò –≤–æ–∑–º–æ–∂–Ω–æ –ª–∏ –æ–≥—Ä–∞–¥–∏—Ç—å –¥–µ—Ç–µ–π –æ—Ç —Å–æ–≤—Ä–µ–º–µ–Ω–Ω—ã—Ö —Ç–µ—Ö–Ω–æ–ª–æ–≥–∏–π? –°–º–æ—Ç—Ä–∏—Ç–µ ¬´–í–µ—á–µ—Ä¬ª –≤ 20:00 –Ω–∞ –∫–∞–Ω–∞–ª–µ [club35068738|–ú–æ—Å–∫–≤–∞ 24]. –ê –ø–æ–∫–∞ —Ö–æ—Ç–∏–º —Å–ø—Ä–æ—Å–∏—Ç—å —É –≤–∞—Å: –§–æ—Ç–æ: shutterstock
-35068738,2019-12-24T11:01:46.000Z,–°—Ä—É–±–∏—Ç—å –ø–æ–¥ —Å–∞–º—ã–π –∫–æ—Ä–µ—à–æ–∫ ‚Äî —ç—Ç–æ –ª–∏—à—å –ø–æ–ª–¥–µ–ª–∞. –ö–∞–∫ –¥–æ–≤–µ–∑—Ç–∏ –∫—Ä–∞—Å–∞–≤–∏—Ü—É? –û–± —ç—Ç–æ–º –Ω–∞—à–∞ –ø–∞–º—è—Ç–∫–∞.
-35068738,2019-12-24T10:31:24.000Z,üöá –í –Ω–æ–≤–æ–≥–æ–¥–Ω—é—é –Ω–æ—á—å –µ–∑–¥–∏–º –Ω–∞ –æ–±—â–µ—Å—Ç–≤–µ–Ω–Ω–æ–º —Ç—Ä–∞–Ω—Å–ø–æ—Ä—Ç–µ –±–µ—Å–ø–ª–∞—Ç–Ω–æ! –ù–∞ –º–µ—Ç—Ä–æ –ú–¶–ö –∏ –Ω–∞–∑–µ–º–Ω—ã—Ö –º–∞—Ä—à—Ä—É—Ç–∞—Ö –º–æ–∂–Ω–æ –Ω–µ –ø–ª–∞—Ç–∏—Ç—å —Å 20 —á–∞—Å–æ–≤ 31 –¥–µ–∫–∞–±—Ä—è –¥–æ 6 —É—Ç—Ä–∞ 1 —è–Ω–≤–∞—Ä—è. –û–± —ç—Ç–æ–º —Å–æ–æ–±—â–∏–ª –°–µ—Ä–≥–µ–π –°–æ–±—è–Ω–∏–Ω –Ω–∞ —Å–≤–æ–µ–π —Å—Ç—Ä–∞–Ω–∏—Ü–µ ¬´–í–ö–æ–Ω—Ç–∞–∫—Ç–µ¬ª. –ü–æ–¥—Ä–æ–±–Ω–µ–µ: https://s.m24.ru/wDlPPF  –§–æ—Ç–æ: –ø–æ—Ä—Ç–∞–ª –º—ç—Ä–∞ –∏ –ø—Ä–∞–≤–∏—Ç–µ–ª—å—Å—Ç–≤–∞ –ú–æ—Å–∫–≤—ã
-35068738,2019-12-24T09:59:44.000Z,–ö—Ä–µ–ø–∫–∏–π —Å–æ–Ω ‚Äî –∑–∞–ª–æ–≥ –∑–¥–æ—Ä–æ–≤—å—è. –ù–æ —Ç–æ–ª—å–∫–æ –Ω–µ –≤ —Ç–æ–º —Å–ª—É—á–∞–µ –∫–æ–≥–¥–∞ —Ç—ã —É—Å–Ω—É–ª –∑–∞ —Ä—É–ª—ë–º!
-35068738,2019-12-24T09:01:30.000Z,¬´–ó–∞–∫—Ä–æ–π —Ä–æ—Ç –∏ —É–±–µ—Ä–∏ —Ç–µ–ª–µ—Ñ–æ–Ω! –ù–µ –º–µ—à–∞–π —Ä–∞–±–æ—Ç–∞—Ç—å!¬ª. –í –ê—Å—Ç—Ä–∞—Ö–∞–Ω—Å–∫–æ–π –æ–±–ª–∞—Å—Ç–∏ –≤—Ä–∞—á –æ–∫–æ–ª–æ —á–∞—Å–∞ –Ω–µ –ø—Ä–∏–Ω–∏–º–∞–ª –ø–∞—Ü–∏–µ–Ω—Ç–∞ –∫–æ—Ç–æ—Ä—ã–π –ø–æ—Å—Ç—Ä–∞–¥–∞–ª –≤ –î–¢–ü. –°–æ—Ç—Ä—É–¥–Ω–∏–∫–∏ —Å–∫–æ—Ä–æ–π –¥–æ–≤–µ–∑–ª–∏ –±–æ–ª—å–Ω–æ–≥–æ –¥–æ –±–ª–∏–∂–∞–π—à–µ–≥–æ –º–µ–¥.—É—á—Ä–µ–∂–¥–µ–Ω–∏—è –Ω–æ –∏–º —Ä–µ–∫–æ–º–µ–Ω–¥–æ–≤–∞–ª–∏ –µ—Ö–∞—Ç—å –≤ –¥—Ä—É–≥–∏–µ –Ω–∞—Å–µ–ª—ë–Ω–Ω—ã–µ –ø—É–Ω–∫—Ç—ã.  –ü–∞—Ü–∏–µ–Ω—Ç–∞ –≤—Å—ë-—Ç–∞–∫–∏ –ø—Ä–∏–Ω—è–ª–∏. –ü–æ –ø—Ä–µ–¥–≤–∞—Ä–∏—Ç–µ–ª—å–Ω–æ–π –∏–Ω—Ñ–æ—Ä–º–∞—Ü–∏–∏ –æ–Ω —Å–µ–π—á–∞—Å –≤ —Ä–µ–∞–Ω–∏–º–∞—Ü–∏–∏ –∏ –µ–≥–æ –∂–∏–∑–Ω–∏ –Ω–∏—á–µ–≥–æ –Ω–µ —É–≥—Ä–æ–∂–∞–µ—Ç. –í—Ä–∞—á–∞ –æ—Ç—Å—Ç—Ä–∞–Ω–∏–ª–∏ –æ—Ç —Ä–∞–±–æ—Ç—ã –Ω–∞ –≤—Ä–µ–º—è –ø—Ä–æ–≤–µ—Ä–∫–∏.
-35068738,2019-12-24T08:11:05.000Z,¬´–ù–∞—Ä–∫–æ–∑ –µ—â—ë –Ω–µ –æ—Ç–æ—à—ë–ª –≤–æ–∑–º–æ–∂–Ω–æ –∑–∞–≤—Ç—Ä–∞ –ø–æ–∂–∞–ª–µ—é –æ —Å–≤–æ—ë–º –æ—Ç–∫—Ä–æ–≤–µ–Ω–∏–∏ –Ω–æ –µ—Å–ª–∏ –º–æ–π –ø–æ—Å—Ç —É–±–µ—Ä–µ–∂—ë—Ç —Ö–æ—Ç—å –Ω–µ—Å–∫–æ–ª—å–∫–æ –¥–µ–≤—É—à–µ–∫ –æ—Ç —É—Å—Ç–∞–Ω–æ–≤–∫–∏ –∏–º–ø–ª–∞–Ω—Ç–æ–≤ –∑–Ω–∞—á–∏—Ç –≤—Å–µ –Ω–µ –∑—Ä—è¬ª. –í–µ–¥—É—â—É—é [club2397061|–õ–µ—Ä—É –ö—É–¥—Ä—è–≤—Ü–µ–≤—É] –ø—Ä–æ–æ–ø–µ—Ä–∏—Ä–æ–≤–∞–ª–∏ –∏–∑-–∑–∞ —Ä–∞–∑—Ä—ã–≤–∞ –≥—Ä—É–¥–Ω–æ–≥–æ –∏–º–ø–ª–∞–Ω—Ç–∞. –û–± —ç—Ç–æ–º –æ–Ω–∞ —Å–∞–º–∞ —Ä–∞—Å—Å–∫–∞–∑–∞–ª–∞ –≤ —Å–≤–æ—ë–º Instagram. –í –ø–æ—Å—Ç–µ –≤–µ–¥—É—â–∞—è –ø–æ–ø—ã—Ç–∞–ª–∞—Å—å –ø—Ä–∏–∑–≤–∞—Ç—å –¥–µ–≤—É—à–µ–∫ –Ω–µ –¥–µ–ª–∞—Ç—å –ø–ª–∞—Å—Ç–∏—á–µ—Å–∫–∏–µ –æ–ø–µ—Ä–∞—Ü–∏–∏ –Ω–∞ –≥—Ä—É–¥–∏.–§–æ—Ç–æ: instagram.com/leratv
-35068738,2019-12-24T07:02:33.000Z,–ó–¥–µ—Å—å –ø–æ—è–≤–∏—Ç—Å—è —Å–∞–º—ã–π –ø—Ä–æ—Ç—è–∂—ë–Ω–Ω—ã–π —ç—Å–∫–∞–ª–∞—Ç–æ—Ä –≤ –ú–æ—Å–∫–≤–µ! –ù–æ–≤–∞—è —Å—Ç–∞–Ω—Ü–∏—è –ë–ö–õ ¬´–®–µ—Ä–µ–º–µ—Ç—å–µ–≤—Å–∫–∞—è¬ª —Å–µ–π—á–∞—Å –∞–∫—Ç–∏–≤–Ω–æ —Å—Ç—Ä–æ–∏—Ç—Å—è. –†–∞–±–æ—Ç—ã –æ—á–µ–Ω—å —Å–ª–æ–∂–Ω—ã–µ –ø–æ—Ç–æ–º—É –∏—Ö –≤–µ–¥—É—Ç –Ω–∞ –±–æ–ª—å—à–æ–π –≥–ª—É–±–∏–Ω–µ. –ò —Ç–∞–∫–∞—è —Å—Ç–∞–Ω—Ü–∏—è –Ω–∞ –ë–æ–ª—å—à–æ–π –∫–æ–ª—å—Ü–µ–≤–æ–π –±—É–¥–µ—Ç –Ω–µ –æ–¥–Ω–∞.
-35068738,2019-12-24T06:20:44.000Z,–°–æ–≤–µ—Ç—Å–∫–∞—è –∞–∫—Ç—Ä–∏—Å–∞ –∏ —Ä–µ–∂–∏—Å—Å–µ—Ä —Ç–µ–∞—Ç—Ä–∞ ¬´–°–æ–≤—Ä–µ–º–µ–Ω–Ω–∏–∫¬ª –ì–∞–ª–∏–Ω–∞ –í–æ–ª—á–µ–∫ –±—ã–ª–∞ –≥–æ—Å–ø–∏—Ç–∞–ª–∏–∑–∏—Ä–æ–≤–∞–Ω–∞ –≤ —Ç—è–∂–µ–ª–æ–º —Å–æ—Å—Ç–æ—è–Ω–∏–∏ –≤ –æ–¥–Ω—É –∏–∑ –º–æ—Å–∫–æ–≤—Å–∫–∏—Ö –∫–ª–∏–Ω–∏–∫.–ü–æ–¥—Ä–æ–±–Ω–µ–µ: https://s.m24.ru/WLQT5L–§–æ—Ç–æ: –ú–æ—Å–∫–≤–∞ 24
-35068738,2019-12-24T06:01:09.000Z,–ù–µ—Å–º–æ—Ç—Ä—è –Ω–∞ –≥—Ä–æ–º–∫–∏–µ —É–≥–æ–ª–æ–≤–Ω—ã–µ –¥–µ–ª–∞ —á–∏—Å–ª–æ —ç–∫—Å—Ç—Ä–∞—Å–µ–Ω—Å–æ–≤ —Ä–∞—Å—Ç—ë—Ç –≤ –≥–µ–æ–º–µ—Ç—Ä–∏—á–µ—Å–∫–æ–π –ø—Ä–æ–≥—Ä–µ—Å—Å–∏–∏. –ó–∞ —á—Ç–æ –∏—Ö –∫–ª–∏–µ–Ω—Ç—ã –æ—Ç–¥–∞—é—Ç –¥–µ—Å—è—Ç–∫–∏ —Ç—ã—Å—è—á –∏ –¥–∞–∂–µ –º–∏–ª–ª–∏–æ–Ω—ã —Ä—É–±–ª–µ–π?–ü–æ–ª–Ω—É—é –≤–µ—Ä—Å–∏—é —Å–ø–µ—Ü–∏–∞–ª—å–Ω–æ–≥–æ —Ä–µ–ø–æ—Ä—Ç–∞–∂–∞ ¬´–ß–∞—Ä–æ–¥–µ–∏¬ª —Å–º–æ—Ç—Ä–∏—Ç–µ –∑–¥–µ—Å—å: https://s.m24.ru/guG50d
-35068738,2019-12-24T05:00:20.000Z,–í –º–æ—Å–∫–æ–≤—Å–∫–æ–º –∑–æ–æ–ø–∞—Ä–∫–µ –ø–æ–ø–æ–ª–Ω–µ–Ω–∏–µ. –î–∏–∫–¥–∏–∫ –∫—Ä–∞—Å–Ω–æ–∫–Ω–∏–∂–Ω–∞—è –º–∏–Ω–∏-–∞–Ω—Ç–∏–ª–æ–ø–∞ —Ä–æ–¥–∏–ª–∞—Å—å –µ—â—ë –≤ –Ω–æ—è–±—Ä–µ. –ù–æ –≤ —Å–≤–µ—Ç –≤—ã—à–ª–∞ —Ç–æ–ª—å–∫–æ —Å–µ–π—á–∞—Å.  –ü–æ–∫–∞ –º–∞–ª—ã—à –≤–µ—Å–∏—Ç –≤—Å–µ–≥–æ –∫–∏–ª–æ–≥—Ä–∞–º–º. –û—Ç—ä–µ—Å—Ç—Å—è –≤ —Å—Ä–µ–¥–Ω–µ–º –¥–æ –ø—è—Ç–∏.  –§–æ—Ç–æ: –ú–æ—Å–∫–æ–≤—Å–∫–∏–π –∑–æ–æ–ø–∞—Ä–∫
-35068738,2019-12-24T04:01:18.000Z,¬´–ö–∞–º–ê–ó—ã¬ª –≤ –∫–æ—Å—Ç—é–º–∞—Ö –î–µ–¥–∞ –ú–æ—Ä–æ–∑–∞ –∏ –°–Ω–µ–≥—É—Ä–æ—á–∫–∏ –∏ —Ç—Ä–∞–∫—Ç–æ—Ä –ú–æ—Ä–æ–∑–∏–∫. –í –ö—Ä–∞—Å–Ω–æ—è—Ä—Å–∫–µ –¥–∞–∂–µ —Å–ø–µ—Ü—Ç–µ—Ö–Ω–∏–∫—É –ø—Ä–∏–Ω–∞—Ä—è–¥–∏–ª–∏ –∫ –ù–æ–≤–æ–º—É –≥–æ–¥—É.
-35068738,2019-12-24T02:57:36.000Z,–ú–æ—Å–∫–≤–∞ –≤ –¥–µ–ø—Ä–µ—Å—Å–∏–∏ ‚Äî —Å–æ–ª–Ω—Ü–∞ –º–∞–ª–æ. –ß—Ç–æ –¥–µ–ª–∞—Ç—å? –ö–∞–∫ –∫–æ–º–ø–µ–Ω—Å–∏—Ä–æ–≤–∞—Ç—å –Ω–µ—Ö–≤–∞—Ç–∫—É —Å–æ–ª–Ω–µ—á–Ω–æ–≥–æ —Å–≤–µ—Ç–∞?
-35068738,2019-12-23T20:55:38.000Z,¬´–£–º–∫–∞ –≥–¥–µ –∂–µ —Ç—ã?!¬ª –í —á–µ—Å—Ç—å 50-–ª–µ—Ç–∏—è ¬´–£–º–∫–∏¬ª [club73154028|¬´–°–æ—é–∑–º—É–ª—å—Ç—Ñ–∏–ª—å–º¬ª] –≤—ã–ø—É—Å—Ç–∏–ª –ø—Ä–æ–¥–æ–ª–∂–µ–Ω–∏–µ –∏—Å—Ç–æ—Ä–∏–∏ –æ –±–µ–ª–æ–º –º–µ–¥–≤–µ–∂–æ–Ω–∫–µ. –ó–Ω–∞–º–µ–Ω–∏—Ç—É—é ¬´–ö–æ–ª—ã–±–µ–ª—å–Ω—É—é –º–µ–¥–≤–µ–¥–∏—Ü—ã¬ª –≤ —ç—Ç–æ—Ç —Ä–∞–∑ –∏—Å–ø–æ–ª–Ω–∏–ª–∞ –õ–∞—Ä–∏—Å–∞ –î–æ–ª–∏–Ω–∞.
-35068738,2019-12-23T20:28:00.000Z,–£ –Ω–∞—Å –ª–∞—Å—Ç—ã –∏ –º—ã —á–∏–ª–ª–∏–º –Ω–∞ —è—Ö—Ç–µ üòé
-35068738,2019-12-23T20:00:08.000Z,üêªüêØüêµ –ú–∏—à–∫–∏ —Ç–∏–≥—Ä—ã –∏ –æ–±–µ–∑—å—è–Ω—ã —Ç–æ–∂–µ –∂–¥—É—Ç –ø—Ä–∞–∑–¥–Ω–∏–∫. –ü—Ä–∏–Ω–µ—Å–∏—Ç–µ –ø–æ–¥–∞—Ä–æ–∫ –∂–∏–≤–æ—Ç–Ω—ã–º –ú–æ—Å–∫–æ–≤—Å–∫–æ–≥–æ –∑–æ–æ–ø–∞—Ä–∫–∞ –∏ –ø–æ–ª—É—á–∏—Ç–µ –±–µ—Å–ø–ª–∞—Ç–Ω—ã–π –±–∏–ª–µ—Ç –∏ –ø–∞–º—è—Ç–Ω–æ–µ —Ñ–æ—Ç–æ. üéÑüéâüéÅ–ü–æ–¥—Ä–æ–±–Ω–µ–µ: https://s.m24.ru/p13WI2
-35068738,2019-12-23T19:25:21.000Z,üå°‚òÄ–¢–µ–º–ø–µ—Ä–∞—Ç—É—Ä–∞ –≤–æ–∑–¥—É—Ö–∞ –≤ —Å—Ç–æ–ª–∏—Ü–µ –¥–æ—Å—Ç–∏–≥–ª–∞ —Ä–µ–∫–æ—Ä–¥–∞ –∑–∞ 140-–ª–µ—Ç–Ω—é—é –∏—Å—Ç–æ—Ä–∏—é –º–µ—Ç–µ–æ–Ω–∞–±–ª—é–¥–µ–Ω–∏–π. –ü–æ–¥—Ä–æ–±–Ω–µ–µ: https://s.m24.ru/iozwbE–§–æ—Ç–æ: –ú–æ—Å–∫–≤–∞ 24
-35068738,2019-12-23T18:52:20.000Z,–ó–∞–±–∏—Ä–∞—Ç—å –¥–µ—Ç–µ–π –∏–∑ —Å–µ–º—å–∏ ‚Äî —Ç–∞–∫–æ–µ –ø—Ä–∞–≤–æ —Ö–æ—Ç—è—Ç –ø–æ–ª—É—á–∏—Ç—å –ø–æ–ª–∏—Ü–µ–π—Å–∫–∏–µ. –°–µ–π—á–∞—Å —ç—Ç–æ —Ä–∞–∑—Ä–µ—à–µ–Ω–æ —Ç–æ–ª—å–∫–æ –æ—Ä–≥–∞–Ω–∞–º –æ–ø–µ–∫–∏.
-35068738,2019-12-23T18:01:01.000Z,–ú–µ–±–µ–ª—å –≤—ã–ø–æ–ª–Ω–µ–Ω–Ω–∞—è –∏–∑ —á—É—á–µ–ª –≤–æ–ª–∫–æ–≤ –ø—Ä–æ–¥–∞—ë—Ç—Å—è –≤ –î–∞–≥–µ—Å—Ç–∞–Ω–µ. –û–¥–∏–Ω –∏–∑ –ø–æ–∫—É–ø–∞—Ç–µ–ª–µ–π —Å–Ω—è–ª –µ—ë –Ω–∞ –º–æ–±–∏–ª—å–Ω—ã–π —Ç–µ–ª–µ—Ñ–æ–Ω. –í –°–µ—Ç–∏ –Ω–µ–æ–±—ã—á–Ω–∞—è –º–µ–±–µ–ª—å –≤—ã–∑–≤–∞–ª–∞ –º–Ω–æ–≥–æ –Ω–µ–≥–æ–¥–æ–≤–∞–Ω–∏—è...
-35068738,2019-12-23T17:36:00.000Z,–¢–∞–∫—Å–∏—Å—Ç—ã —Å–æ–±—Ä–∞–ª–∏ –Ω–∞—Ä–æ–¥–Ω—ã–µ –Ω–∞–∑–≤–∞–Ω–∏—è —Ä–∞–π–æ–Ω–æ–≤ –ú–æ—Å–∫–≤—ã.  –£ –Ω–∏—Ö –ø–æ–ª—É—á–∏–ª—Å—è —Ç–∞–∫–æ–π —Å–ø–∏—Å–æ–∫.  –î–∞–≤–∞–π—Ç–µ –ø–æ–º–æ–∂–µ–º —Ç–∞–∫—Å–∏—Å—Ç–∞–º –ª—É—á—à–µ –æ—Ä–∏–µ–Ω—Ç–∏—Ä–æ–≤–∞—Ç—å—Å—è –≤ –≥–æ—Ä–æ–¥–µ! –ü–∏—à–∏—Ç–µ –≤ –∫–æ–º–º–µ–Ω—Ç–∞—Ä–∏—è—Ö –Ω–µ–¥–æ—Å—Ç–∞—é—â–∏–µ –º–µ—Å—Ç–∞.
-35068738,2019-12-23T17:01:51.000Z,üöò –ï–¥–µ–º –ø–æ –¥—É–±–ª—ë—Ä—É –ö–∏–µ–≤—Å–∫–æ–≥–æ —à–æ—Å—Å–µ! –í –¢–∏–ù–ê–û –æ—Ç–∫—Ä—ã–ª–∏ –Ω–æ–≤—É—é –¥–æ—Ä–æ–≥—É –∫–æ—Ç–æ—Ä–∞—è –ø—Ä–∏–≤–µ–∑—ë—Ç –≤–∞—Å –∫ —Å—Ç–∞–Ω—Ü–∏–∏ –º–µ—Ç—Ä–æ ¬´–§–∏–ª–∞—Ç–æ–≤ –õ—É–≥¬ª. –û—Ç–ª–∏—á–Ω—ã–π –ø–æ–¥–∞—Ä–æ–∫ –∫ –ù–æ–≤–æ–º—É –≥–æ–¥—É!üëç–ü–æ–¥—Ä–æ–±–Ω–µ–µ: https://s.m24.ru/NS7mEl
-35068738,2019-12-23T16:35:36.000Z,–†–µ—Å—Ç–∞–≤—Ä–∞—Ç–æ—Ä—ã –ø—Ä–æ–¥–æ–ª–∂–∞—é—Ç —Å–ø–∞—Å–∞—Ç—å —Å—Ç–∞—Ä–µ–π—à–∏–π —Å—Ç–æ–ª–∏—á–Ω—ã–π –∫–∏–Ω–æ—Ç–µ–∞—Ç—Ä ¬´–•—É–¥–æ–∂–µ—Å—Ç–≤–µ–Ω–Ω—ã–π¬ª. –ö–æ–≥–¥–∞ –º—ã —Å–º–æ–∂–µ–º –ø–æ—Å–º–æ—Ç—Ä–µ—Ç—å —Ç–∞–º –∫–∏–Ω–æ?
-35068738,2019-12-23T15:09:46.000Z,üéÑ –ë–æ–ª–µ–µ —Ç—ã—Å—è—á–∏ –∏–≥—Ä—É—à–µ–∫ –∏ –±–æ–ª–µ–µ –∫–∏–ª–æ–º–µ—Ç—Ä–∞ –≥–∏—Ä–ª—è–Ω–¥! –ù–∞ –°–æ–±–æ—Ä–Ω–æ–π –ø–ª–æ—â–∞–¥–∏ –ö—Ä–µ–º–ª—è —É–∫—Ä–∞—Å–∏–ª–∏ –≥–ª–∞–≤–Ω—É—é –Ω–æ–≤–æ–≥–æ–¥–Ω—é—é —ë–ª–∫—É —Å—Ç—Ä–∞–Ω—ã. –ù–∞—Ä—è–∂–∞–ª–∏ —ë–ª–∫—É –∏–≥—Ä—É—à–∫–∞–º–∏ –∏–∑ –∫–æ–ª–ª–µ–∫—Ü–∏–π –∫–æ—Ç–æ—Ä—ã–µ –∏—Å–ø–æ–ª—å–∑–æ–≤–∞–ª–∏—Å—å –ø–æ—Å–ª–µ–¥–Ω–∏–µ 20 –ª–µ—Ç. ‚ö° 90-–ª–µ—Ç–Ω–µ–µ –¥–µ—Ä–µ–≤–æ –ø—Ä–∏–≤–µ–∑–ª–∏ –∏–∑ –ë–æ—Ä–æ–¥–∏–Ω—Å–∫–æ–≥–æ –ª–µ—Å–Ω–∏—á–µ—Å—Ç–≤–∞ –ú–æ–∂–∞–π—Å–∫–æ–≥–æ –≥–æ—Ä–æ–¥—Å–∫–æ–≥–æ –æ–∫—Ä—É–≥–∞. –í—ã—Å–æ—Ç–∞ –µ–ª–∏ 25 –º —Ä–∞–∑–º–∞—Ö –Ω–∏–∂–Ω–∏—Ö –≤–µ—Ç–≤–µ–π 6 –º.  –§–æ—Ç–æ: –ê–ì–ù ¬´–ú–æ—Å–∫–≤–∞¬ª
-35068738,2019-12-23T13:59:36.000Z,üöó 69 –º–∞—à–∏–Ω —Å—Ç–æ–ª–∫–Ω—É–ª–∏—Å—å –≤ —Ä–µ–∑—É–ª—å—Ç–∞—Ç–µ –î–¢–ü –≤ –°–®–ê. 55 —á–µ–ª–æ–≤–µ–∫ –ø–æ—Å—Ç—Ä–∞–¥–∞–ª–∏ 11 –∏–∑ –Ω–∏—Ö –≤ —Ç—è–∂—ë–ª–æ–º —Å–æ—Å—Ç–æ—è–Ω–∏–∏. –ê–≤—Ç–æ–º–æ–±–∏–ª–∏ —Å–ª–µ–¥–æ–≤–∞–ª–∏ —Ü–µ–ø–æ—á–∫–æ–π –∏ –≤—Ä–µ–∑–∞–ª–∏—Å—å –¥—Ä—É–≥ –≤ –¥—Ä—É–≥–∞. –ü—Ä–∏—á–∏–Ω–æ–π –∞–≤–∞—Ä–∏–∏ —Å—Ç–∞–ª–∏ –ø–ª–æ—Ö–∏–µ –ø–æ–≥–æ–¥–Ω—ã–µ —É—Å–ª–æ–≤–∏—è ‚Äî —Ç—É–º–∞–Ω –∏ –≥–æ–ª–æ–ª—ë–¥.  ‚ùó –í–æ–¥–∏—Ç–µ–ª–∏ –±—É–¥—å—Ç–µ –æ—Å—Ç–æ—Ä–æ–∂–Ω—ã –Ω–∞ –¥–æ—Ä–æ–≥–∞—Ö! –í –ú–æ—Å–∫–≤–µ —Å–µ–≥–æ–¥–Ω—è –∂—ë–ª—Ç—ã–π —É—Ä–æ–≤–µ–Ω—å –ø–æ–≥–æ–¥–Ω–æ–π –æ–ø–∞—Å–Ω–æ—Å—Ç–∏. –î–æ 23:00 –æ–∂–∏–¥–∞–µ—Ç—Å—è —Å–∏–ª—å–Ω—ã–π —Ç—É–º–∞–Ω.
-35068738,2019-12-23T13:15:31.000Z,–í–∞–Ω–¥–∞–ª—ã –ø–æ–∫—É—Å–∏–ª–∏—Å—å –Ω–∞ –ø—Ä–µ–¥–Ω–æ–≤–æ–≥–æ–¥–Ω–µ–µ –Ω–∞—Å—Ç—Ä–æ–µ–Ω–∏–µ –∂–∏—Ç–µ–ª–µ–π –ú—É—Ä–º–∞–Ω—Å–∫–æ–π –æ–±–ª–∞—Å—Ç–∏ –∏ –ø–æ–ø—ã—Ç–∞–ª–∏—Å—å —Å–ª–æ–º–∞—Ç—å –æ–≥—Ä–æ–º–Ω—ã–π —ë–ª–æ—á–Ω—ã–π —à–∞—Ä.  –ù–∞–π—Ç–∏ –≤–∞–Ω–¥–∞–ª–æ–≤ —É–¥–∞–ª–æ—Å—å –±–ª–∞–≥–æ–¥–∞—Ä—è –∑–∞–ø–∏—Å—è–º —Å –∫–∞–º–µ—Ä –≤–∏–¥–µ–æ–Ω–∞–±–ª—é–¥–µ–Ω–∏—è. –ù–æ–≤–æ–≥–æ–¥–Ω—é—é –∏–Ω—Å—Ç–∞–ª–ª—è—Ü–∏—é –ø–æ—á–∏–Ω–∏–ª–∏.
-35068738,2019-12-23T11:16:22.000Z,–ü–∞—Ä–∫–∏ –Ω–∞ –ª—é–±–æ–π –≤–∫—É—Å —Å–ø–æ—Ä—Ç–∏–≤–Ω—ã–µ –∑–æ–Ω—ã –¥–ª—è –≤—Å–µ—Ö –≤–∏–¥–æ–≤ —Å–ø–æ—Ä—Ç–∞ –æ—Ç–ª–∏—á–Ω—ã–µ –≤–µ—á–µ—Ä–∞ —Å –≤–∏–¥–æ–º –Ω–∞ —Ä–æ–¥–Ω–æ–π —É–Ω–∏–≤–µ—Ä—Å–∏—Ç–µ—Ç. –°—Ç—É–¥–µ–Ω—Ç –ú–ì–£ –∏–∑ –ò—Å–ø–∞–Ω–∏–∏ –§–µ—Ä–Ω–∞–Ω–¥–æ –í–∏–¥–µ—Ä–∞—Å –°–∞–Ω—á–µ—Å —Ä–∞—Å—Å–∫–∞–∑—ã–≤–∞–µ—Ç –æ —Å–∞–º—ã—Ö –ª—é–±–∏–º—ã—Ö –º–µ—Å—Ç–∞—Ö –≤ –†–∞–º–µ–Ω–∫–∞—Ö.
-35068738,2019-12-23T10:27:47.000Z,–ü–û–†–û–ì –°–ö–û–†–û–°–¢–ò –ù–µ—à—Ç—Ä–∞—Ñ—É–µ–º—ã–π –ø–æ—Ä–æ–≥ —Å–∫–æ—Ä–æ—Å—Ç–∏ —Å—Ç–∞–ª –ø–æ–≤–æ–¥–æ–º –¥–ª—è —Å–∫–∞–Ω–¥–∞–ª–∞ –∏ –Ω–µ—Å–æ–≥–ª–∞—Å–∏—è –≤ –ø—Ä–∞–≤–∏—Ç–µ–ª—å—Å—Ç–≤–µ. –ú–í–î –≤ –æ—Ç–≤–µ—Ç –ø—Ä–µ–¥–ª–∞–≥–∞–µ—Ç —É–≤–µ–ª–∏—á–∏—Ç—å —à—Ç—Ä–∞—Ñ—ã –≤ –Ω–µ—Å–∫–æ–ª—å–∫–æ —Ä–∞–∑.  –°—Ç–∞–Ω–µ—Ç –ª–∏ –º–µ–Ω—å—à–µ –∞–≤–∞—Ä–∏–π —Å –ø–æ–≥–∏–±—à–∏–º–∏? –ö—Ç–æ –ø–æ–±–µ–¥–∏—Ç –≤ —Å–ø–æ—Ä–µ –∑–∞ –ø—Ä–∞–≤–æ –µ–∑–¥–∏—Ç—å —Å –Ω–µ–±–æ–ª—å—à–∏–º –ø—Ä–µ–≤—ã—à–µ–Ω–∏–µ–º? –°–º–æ—Ç—Ä–∏—Ç–µ ¬´–í–µ—á–µ—Ä¬ª –≤ 20:00 –Ω–∞ –∫–∞–Ω–∞–ª–µ [club35068738|–ú–æ—Å–∫–≤–∞ 24]. –ê –ø–æ–∫–∞ —Ö–æ—Ç–∏–º —Å–ø—Ä–æ—Å–∏—Ç—å —É –≤–∞—Å:  –§–æ—Ç–æ: shutterstock
-35068738,2019-12-23T10:02:45.000Z,‚ö°–í –ú–æ—Å–∫–≤–µ 23 –¥–µ–∫–∞–±—Ä—è –∂—ë–ª—Ç—ã–π —É—Ä–æ–≤–µ–Ω—å –ø–æ–≥–æ–¥–Ω–æ–π –æ–ø–∞—Å–Ω–æ—Å—Ç–∏. –ù–∞ —É–ª–∏—Ü–µ —Å–∏–ª—å–Ω—ã–π —Ç—É–º–∞–Ω. –ü–µ—Ä–∏–æ–¥ –ø—Ä–µ–¥—É–ø—Ä–µ–∂–¥–µ–Ω–∏—è –¥–µ–π—Å—Ç–≤—É–µ—Ç –¥–æ 23:00. –ë–µ—Ä–µ–≥–∏—Ç–µ —Å–µ–±—è! –ü–æ–¥—Ä–æ–±–Ω–µ–µ: https://s.m24.ru/FJcYEr  –§–æ—Ç–æ: instagram.com/1ex_makhotkin; instagram.com/algor1974; instagram.com/nastasija_ant; instagram.com/elnara_kurilenko; instagram.com/mb0504; instagram.com/sergey_pechora; instagram.com/voronov__alexander; instagram.com/alextyutenkov
-35068738,2019-12-23T09:00:32.000Z,–†—ç–ø–µ—Ä –ø–µ—Ä–µ–∫—Ä—ã–ª –¥–≤–∏–∂–µ–Ω–∏–µ –Ω–∞ –ù–æ–≤–æ–º –ê—Ä–±–∞—Ç–µ —Ä–∞–¥–∏ —Å—ä—ë–º–æ–∫ —Å–≤–æ–µ–≥–æ –∫–ª–∏–ø–∞. –ù–∞ –∫–∞–¥—Ä–∞—Ö –æ–Ω —Ä–∞–∑–≥—É–ª–∏–≤–∞–µ—Ç –ø–æ –¥–æ—Ä–æ–≥–µ –≤ —Ö–∞–ª–∞—Ç–µ –∏ —Ç–∞–ø–æ—á–∫–∞—Ö. –î–≤–∏–∂–µ–Ω–∏–µ –≤–æ—Å—Å—Ç–∞–Ω–æ–≤–ª–µ–Ω–æ —É–∂–µ –¥–∞–≤–Ω–æ –∞ –≤–æ—Ç –≤–∏–¥–µ–æ–∑–∞–ø–∏—Å—å –¥–æ —Å–∏—Ö –ø–æ—Ä –≥—É–ª—è–µ—Ç –ø–æ —Å–µ—Ç–∏.  –¢–µ–ø–µ—Ä—å –µ–π –∑–∞–∏–Ω—Ç–µ—Ä–µ—Å–æ–≤–∞–ª–∏—Å—å –∏ –≤ —Å—Ç–æ–ª–∏—á–Ω–æ–º –ì–ò–ë–î–î. –î–µ–ø–∞—Ä—Ç–∞–º–µ–Ω—Ç —Ç—Ä–∞–Ω—Å–ø–æ—Ä—Ç–∞ –ú–æ—Å–∫–≤—ã –æ–±—Ä–∞—Ç–∏–ª—Å—è –≤ –ø—Ä–∞–≤–æ–æ—Ö—Ä–∞–Ω–∏—Ç–µ–ª—å–Ω—ã–µ –æ—Ä–≥–∞–Ω—ã –¥–ª—è –ø—Ä–∏–≤–ª–µ—á–µ–Ω–∏—è –Ω–∞—Ä—É—à–∏—Ç–µ–ª–µ–π –∫ –æ—Ç–≤–µ—Ç—Å—Ç–≤–µ–Ω–Ω–æ—Å—Ç–∏.
-35068738,2019-12-23T08:01:21.000Z,–ó–¥–∞–Ω–∏–µ –ú–æ—Å–∫–æ–≤—Å–∫–æ–≥–æ –ø–æ—á—Ç–∞–º—Ç–∞ –ø—Ä–∏–∑–Ω–∞–ª–∏ –∞–≤–∞—Ä–∏–π–Ω—ã–º –µ—â—ë –≤ 2006 –≥–æ–¥—É. –° —Ç–µ—Ö –ø–æ—Ä –µ–≥–æ –Ω–µ —Ç–æ—Ä–æ–ø—è—Ç—Å—è —Ä–µ—Å—Ç–∞–≤—Ä–∏—Ä–æ–≤–∞—Ç—å. –¢–∞–∫ –∫–æ–≥–¥–∞ —ç—Ç–æ –ø—Ä–æ–∏–∑–æ–π–¥—ë—Ç?
-35068738,2019-12-23T07:10:05.000Z,"–ù–∞ –¥–Ω—è—Ö –†–∞–º–∑–∞–Ω –ö–∞–¥—ã—Ä–æ–≤ –≤—ã–∑–≤–∞–ª –Ω–∞ –±–æ–π –ê–ª–µ–∫—Å–∞–Ω–¥—Ä–∞ –ï–º–µ–ª—å—è–Ω–µ–Ω–∫–æ. –ß–µ—á–µ–Ω—Å–∫–∏–π –ª–∏–¥–µ—Ä –æ—Ç–º–µ—Ç–∏–ª —á—Ç–æ –ø–æ–∫–∞ –Ω–µ –æ–ø—Ä–µ–¥–µ–ª–∏–ª—Å—è –ø–æ –∫–∞–∫–æ–º—É –≤–∏–¥—É —Å–ø–æ—Ä—Ç–∞ ‚Äî –±–æ–∫—Å—É –∏–ª–∏ –ú–ú–ê. –ï–º–µ–ª—å—è–Ω–µ–Ω–∫–æ –≤ —Å–≤–æ—é –æ—á–µ—Ä–µ–¥—å –Ω–∞ –ø—É–±–ª–∏–∫–∞—Ü–∏—é –æ—Ç–≤–µ—Ç–∏–ª —à—É—Ç–∫–æ–π: ¬´–§–ª–µ—à–º–æ–± ""–í—ã–∑–æ–≤–∏ –ï–º–µ–ª—å—è–Ω–µ–Ω–∫–æ –Ω–∞ –±–æ–π"" –¥–æ—à–µ–ª –∏ –¥–æ –º–æ–µ–≥–æ –¥—Ä—É–≥–∞ –†–∞–º–∑–∞–Ω–∞¬ª ‚Äì –∑–∞—è–≤–∏–ª –±–æ–µ—Ü –≤ —Å–≤–æ–µ–º Instagram."
-35068738,2019-12-23T05:00:48.000Z,–ù–µ–º–Ω–æ–≥–æ –¥–æ–±—Ä–æ—Ç—ã.  –ò—Å–∫—Ä–µ–Ω–Ω—è—è —Ä–µ–∞–∫—Ü–∏—è –º–∞–ª—å—á–∏–∫–∞ –∫–æ–≥–¥–∞ –µ–º—É –≤–µ—Ä–Ω—É–ª–∏ –ª—é–±–∏–º—É—é —Å–æ–±–∞–∫—É –ø–æ—Ç–µ—Ä—è–≤—à—É—é—Å—è 2 –Ω–µ–¥–µ–ª–∏ –Ω–∞–∑–∞–¥.
-35068738,2019-12-23T04:17:04.000Z,–ù–µ—Å–∫–æ–ª—å–∫–æ –ª–µ—Ç –Ω–∞–∑–∞–¥ —Ä–µ–∑–∫–æ –Ω–∞—á–∞–ª–∞ —Ä–∞—Å—Ç–∏ –ø–æ–ø—É–ª—è—Ä–Ω–æ—Å—Ç—å –∏—Å–∫—É—Å—Å—Ç–≤–µ–Ω–Ω—ã—Ö —ë–ª–æ–∫. –ë—É–º –Ω–∞ –ø–ª–∞—Å—Ç–∏–∫–æ–≤—ã–µ —ë–ª–∫–∏ –ø—Ä–æ–∏–∑–æ—à—ë–ª –∏–∑-–∑–∞ –∂–µ–ª–∞–Ω–∏—è —Å–±–µ—Ä–µ—á—å –ø—Ä–∏—Ä–æ–¥—É –∏ –Ω–µ –≥—É–±–∏—Ç—å –ª–µ—Å–Ω—ã—Ö –∫—Ä–∞—Å–∞–≤–∏—Ü –æ–¥–Ω–∞–∫–æ –ø—Ä–æ–∏–∑–≤–æ–¥—Å—Ç–≤–æ –∏—Å–∫—É—Å—Å—Ç–≤–µ–Ω–Ω—ã—Ö —ë–ª–æ–∫ –Ω–µ–ª—å–∑—è –Ω–∞–∑—ã–≤–∞—Ç—å —ç–∫–æ–ª–æ–≥–∏—á–Ω—ã–º. –¢–∞–∫ –∫–∞–∫–æ–π –∂–µ –∫–æ–º–ø—Ä–æ–º–∏—Å—Å? –í—ã—è—Å–Ω—è–µ–º –≤ –º–∞—Ç–µ—Ä–∏–∞–ª–µ: https://s.m24.ru/5M9kQL–§–æ—Ç–æ: –ø–æ—Ä—Ç–∞–ª –º—ç—Ä–∞ –∏ –ø—Ä–∞–≤–∏—Ç–µ–ª—å—Å—Ç–≤–∞ –ú–æ—Å–∫–≤—ã
-35068738,2019-12-23T00:16:45.000Z,–ö—É–¥–∞ –º—ã –∫–∞—Ç–∏–º—Å—è? –í–∞—Ä–∏–∞–Ω—Ç–æ–≤ –º–Ω–æ–≥–æ –∞ –≤—ã–±–æ—Ä –µ—Å—Ç—å –Ω–∞ –ª—é–±–æ–π –≤–∫—É—Å: https://s.m24.ru/1uq1oV–§–æ—Ç–æ: –û—Ñ–∏—Ü–∏–∞–ª—å–Ω—ã–π —Å–∞–π—Ç –ú—ç—Ä–∞ –ú–æ—Å–∫–≤—ã
-35068738,2019-12-22T21:03:00.000Z,–î–µ–∫–∞–±—Ä—å –≤ –ú–æ—Å–∫–≤–µ –≤—ã–¥–∞–ª—Å—è —Ç—ë–ø–ª—ã–º –±—ã–ª–∏ –ø–æ–±–∏—Ç—ã —Ç–µ–º–ø–µ—Ä–∞—Ç—É—Ä–Ω—ã–µ —Ä–µ–∫–æ—Ä–¥—ã. –ê –∫–∞–∫–∞—è –ø–æ–≥–æ–¥–∞ –∂–¥—ë—Ç –Ω–∞—Å –≤ –ù–æ–≤—ã–π –≥–æ–¥? –ü–æ–¥—Ä–æ–±–Ω–µ–µ: https://s.m24.ru/fMhymE –§–æ—Ç–æ: –ø–æ—Ä—Ç–∞–ª –º—ç—Ä–∞ –∏ –ø—Ä–∞–≤–∏—Ç–µ–ª—å—Å—Ç–≤–∞ –ú–æ—Å–∫–≤—ã
-35068738,2019-12-22T20:03:00.000Z,–í —ç—Ç–æ–º –≥–æ–¥—É –í–î–ù–• –∏—Å–ø–æ–ª–Ω–∏–ª–æ—Å—å 80 –ª–µ—Ç –≤ —é–±–∏–ª–µ–π–Ω–æ–º —Å–µ–∑–æ–Ω–µ –ø—Ä–∞–∑–¥–Ω–∏—á–Ω–æ–µ –æ—Ñ–æ—Ä–º–ª–µ–Ω–∏–µ –ø–æ—Å–≤—è—â–µ–Ω–æ –∫–∞–∫ –ø—Ä–æ—à–ª–æ–º—É –≤—ã—Å—Ç–∞–≤–∫–∏ —Ç–∞–∫ –∏ –µ—ë –±—É–¥—É—â–µ–º—É.  –ù–∞ —Ç–µ—Ä—Ä–∏—Ç–æ—Ä–∏–∏ –≤—ã—Å—Ç–∞–≤–∫–∏ —É—Å—Ç–∞–Ω–æ–≤–∏–ª–∏ –±–æ–ª–µ–µ 300 —Å–≤–µ—Ç–æ–≤—ã—Ö –∫–æ–º–ø–æ–∑–∏—Ü–∏–π –∏ —Å–∫—É–ª—å–ø—Ç—É—Ä. –ê —É –∏—Å—Ç–æ—Ä–∏—á–µ—Å–∫–æ–π –∞—Ä–∫–∏ —Å–µ–≤–µ—Ä–Ω–æ–≥–æ –≤—Ö–æ–¥–∞ —É–∫—Ä–∞—Å–∏–ª–∏ –∂–∏–≤—É—é –≥–æ–ª—É–±—É—é –µ–ª—å –≤—ã—Å–æ—Ç–æ–π 20 –º–µ—Ç—Ä–æ–≤ —Ä–∞—Å—Ç—É—â—É—é —Å 1959 –≥–æ–¥–∞. –û–Ω–∞ –Ω–∞—Ä—è–∂–µ–Ω–∞ –≤ —Å—Ç–∏–ª–µ 1950-—Ö –≥–æ–¥–æ–≤.  –ù–∞—Å–ª–∞–∂–¥–∞—Ç—å—Å—è —ç—Ç–æ–π –∫—Ä–∞—Å–æ—Ç–æ–π –≥–æ—Å—Ç–∏ –≤—ã—Å—Ç–∞–≤–∫–∏ —Å–º–æ–≥—É—Ç –¥–æ –∫–æ–Ω—Ü–∞ —Ñ–µ–≤—Ä–∞–ª—è.   –§–æ—Ç–æ: –í–î–ù–•
-35068738,2019-12-22T19:01:26.000Z,–ù–∞ Netflix –≤—ã—à–ª–∞ –∫–æ–º–µ–¥–∏—è ¬´–ü–µ—Ä–≤–æ–µ –∏—Å–∫—É—à–µ–Ω–∏–µ –•—Ä–∏—Å—Ç–∞¬ª –≤ –∫–æ—Ç–æ—Ä–æ–π –ò–∏—Å—É—Å –∑–Ω–∞–∫–æ–º–∏—Ç —Å–µ–º—å—é —Å –ø—Ä–µ–¥–ø–æ–ª–∞–≥–∞–µ–º—ã–º –±–æ–π—Ñ—Ä–µ–Ω–¥–æ–º. –ó—Ä–∏—Ç–µ–ª–µ–π –≤–æ–∑–º—É—Ç–∏–ª —Å—é–∂–µ—Ç –∏ –æ–Ω–∏ –≤—ã—Å—Ç—É–ø–∏–ª–∏ —Å —Ç—Ä–µ–±–æ–≤–∞–Ω–∏–µ–º –æ—Ç–º–µ–Ω–∏—Ç—å —à–æ—É –æ–¥–Ω–∞–∫–æ Netflix –≤—Å—Ç–∞–ª–∏ –Ω–∞ —Å—Ç–æ—Ä–æ–Ω—É –∞–≤—Ç–æ—Ä–æ–≤.
-35068738,2019-12-22T17:34:23.000Z,–ò–≥—Ä–∏—Å—Ç—ã–π –ª—ë–¥...  –°—Ä–µ–¥–Ω–µ–µ –ú—É–ª—å—Ç–∏–Ω—Å–∫–æ–µ –æ–∑–µ—Ä–æ –≤ –ê–ª—Ç–∞–π—Å–∫–∏—Ö –≥–æ—Ä–∞—Ö ‚Äî —É–¥–∏–≤–∏—Ç–µ–ª—å–Ω–æ–µ –º–µ—Å—Ç–æ!  üì∏ –ü—Ä–æ–¥–æ–ª–∂–∞–µ—Ç—Å—è –ø—Ä–∏—ë–º —Ä–∞–±–æ—Ç –Ω–∞ —à–µ—Å—Ç–æ–π –§–æ—Ç–æ–∫–æ–Ω–∫—É—Ä—Å –†–ì–û ¬´–°–∞–º–∞—è –∫—Ä–∞—Å–∏–≤–∞—è —Å—Ç—Ä–∞–Ω–∞¬ª. –£—á–∞—Å—Ç–≤—É–π—Ç–µ –∏ –ø–æ–±–µ–∂–¥–∞–π—Ç–µ! –ü–æ–¥—Ä–æ–±–Ω–æ—Å—Ç–∏ –∫–æ–Ω–∫—É—Ä—Å–∞: https://photo.rgo.ru/  #—Ñ–æ—Ç–æ–∫–æ–Ω–∫—É—Ä—Å–†–ì–û #–°–∞–º–∞—è–ö—Ä–∞—Å–∏–≤–∞—è–°—Ç—Ä–∞–Ω–∞–§–æ—Ç–æ: –ü–µ—Ç—Ä—É—Å—å –ê–Ω—Ç–æ–Ω. –ù–æ–º–∏–Ω–∞—Ü–∏—è: –°–∞–º–∞—è –∫—Ä–∞—Å–∏–≤–∞—è —Å—Ç—Ä–∞–Ω–∞. –ü–µ–π–∑–∞–∂
-35068738,2019-12-22T16:34:33.000Z,–°—Ä–µ–¥–∏ –±—É–¥—É—â–∏—Ö –º–∞–º –ø–æ—è–≤–∏–ª—Å—è –Ω–æ–≤—ã–π —Ç—Ä–µ–Ω–¥ ‚Äî ¬´–≥–ª–∞–º—É—Ä–Ω–æ–µ¬ª –∫–µ—Å–∞—Ä–µ–≤–æ. –û—Ç–∫—É–¥–∞ —Ç–∞–∫–æ–µ –Ω–∞–∑–≤–∞–Ω–∏–µ? –û—Å—Ç–æ—Ä–æ–∂–Ω–æ —Å—Ü–µ–Ω—ã –∏–∑ —Ä–æ–ª–∏–∫–∞ –º–æ–≥—É—Ç –±—ã—Ç—å –Ω–µ–ø—Ä–∏–µ–º–ª–µ–º—ã–º–∏ –¥–ª—è –≤–∞—Å.
-35068738,2019-12-22T15:59:49.000Z,–ù–∞ –ú–ö–ê–î–µ –ø—Ä–æ–∏–∑–æ—à–ª–∞ –Ω–µ–∑–Ω–∞—á–∏—Ç–µ–ª—å–Ω–∞—è –∞–≤–∞—Ä–∏—è –≤–æ–¥–∏—Ç–µ–ª–∏ –≤—ã—à–ª–∏ –∏–∑ –∞–≤—Ç–æ–º–æ–±–∏–ª–µ–π —á—Ç–æ–±—ã –æ—Ñ–æ—Ä–º–∏—Ç—å –î–¢–ü. –í —ç—Ç–æ—Ç –º–æ–º–µ–Ω—Ç –≤ –Ω–∏—Ö –≤–ª–µ—Ç–µ–ª–∞ –µ—â—ë –æ–¥–Ω–∞ –º–∞—à–∏–Ω–∞ –≤ —Ä–µ–∑—É–ª—å—Ç–∞—Ç–µ –æ–¥–∏–Ω —á–µ–ª–æ–≤–µ–∫ –ø–æ–≥–∏–±.  –ë—É–¥—å—Ç–µ –∞–∫–∫—É—Ä–∞—Ç–Ω–µ–µ –Ω–∞ –¥–æ—Ä–æ–≥–∞—Ö!
-35068738,2019-12-22T15:03:18.000Z,‚õ∏ –ú–æ—Å–∫–æ–≤—Å–∫–∏–π –º–µ—Ç—Ä–æ–ø–æ–ª–∏—Ç–µ–Ω –æ—Ç–∫—Ä—ã–ª –±–µ—Å–ø–ª–∞—Ç–Ω—ã–π –∫–∞—Ç–æ–∫ –¥–ª—è –ø–∞—Å—Å–∞–∂–∏—Ä–æ–≤.  –ö–∞—Ç–æ–∫ —Ä–∞—Å–ø–æ–ª–æ–∂–µ–Ω –º–µ–∂–¥—É —Å—Ç–∞–Ω—Ü–∏—è–º–∏ –º–µ—Ç—Ä–æ ¬´–°–ø–æ—Ä—Ç–∏–≤–Ω–∞—è¬ª –∏ –ú–¶–ö –õ—É–∂–Ω–∏–∫–∏ —Ä–∞–±–æ—Ç–∞–µ—Ç —Å 10 —á–∞—Å–æ–≤ —É—Ç—Ä–∞ –∏ –¥–æ 22 —á–∞—Å–æ–≤ –≤–µ—á–µ—Ä–∞ –¥–æ 15 —è–Ω–≤–∞—Ä—è. –ü–æ—Å–µ—Ç–∏—Ç–µ–ª–∏ –º–æ–≥—É—Ç –ø—Ä–∏–π—Ç–∏ —Å–æ —Å–≤–æ–∏–º–∏ –∫–æ–Ω—å–∫–∞–º–∏ –∞ —Ç–∞–∫–∂–µ –±–µ—Å–ø–ª–∞—Ç–Ω–æ –≤–∑—è—Ç—å –≤ –ø—Ä–æ–∫–∞—Ç–µ.  –§–æ—Ç–æ: mos.ru
-35068738,2019-12-22T14:31:14.000Z,28 —Å–µ–Ω—Ç—è–±—Ä—è —Å–æ—Ç—Ä—É–¥–Ω–∏–∫–∏ –î–ü–° –æ—Å—Ç–∞–Ω–æ–≤–∏–ª–∏ –∞–≤—Ç–æ–º–æ–±–∏–ª—å –∑–∞ —Ä—É–ª—ë–º –∫–æ—Ç–æ—Ä–æ–≥–æ –±—ã–ª–∞ –ù–∞—Ç–∞–ª—å—è –ë–æ—á–∫–∞—Ä—ë–≤–∞. –í –µ—ë –º–∞—à–∏–Ω–µ –æ–±–Ω–∞—Ä—É–∂–∏–ª–∏ –∫–æ–∫–∞–∏–Ω. –†–∞—Å—Å–ª–µ–¥–æ–≤–∞–Ω–∏–µ –∑–∞–≤–µ—Ä—à–∏–ª–æ—Å—å –∞–∫—Ç—Ä–∏—Å–∞ –ø—Ä–µ–¥—Å—Ç–∞–Ω–µ—Ç –ø–µ—Ä–µ–¥ —Å—É–¥–æ–º –ø–æ –¥–µ–ª—É –æ —Ö—Ä–∞–Ω–µ–Ω–∏–∏ –Ω–∞—Ä–∫–æ—Ç–∏–∫–æ–≤. –ü–æ–¥—Ä–æ–±–Ω–µ–µ: https://s.m24.ru/nZdsWp  –§–æ—Ç–æ: –ø–æ—Ä—Ç–∞–ª –º—ç—Ä–∞ –∏ –ø—Ä–∞–≤–∏—Ç–µ–ª—å—Å—Ç–≤–∞ –ú–æ—Å–∫–≤—ã
-35068738,2019-12-22T13:29:04.000Z,üå≤–°—Ç–æ–ª–∏—á–Ω—ã–π –ø–∞—Ä–∫–∏–Ω–≥ –≤—ã—Å—Ç—Ä–æ–∏–ª —ç–≤–∞–∫—É–∞—Ç–æ—Ä—ã –≤ —Ñ–æ—Ä–º–µ —ë–ª–∫–∏ –≤ —Ä–∞–º–∫–∞—Ö –Ω–æ–≤–æ–≥–æ–¥–Ω–µ–≥–æ —á–µ–ª–ª–µ–Ω–¥–∂–∞ ¬´–Å–ª–∫–∞ –∏–∑ –∞–≤—Ç–æ–º–æ–±–∏–ª–µ–π¬ª.  –ú–æ—Å–∫–æ–≤—Å–∫–∏–π –ø–∞—Ä–∫–∏–Ω–≥ —Ç–∞–∫–∂–µ –ø—Ä–∏–∑–≤–∞–ª –ø—Ä–∏—Å–æ–µ–¥–∏–Ω–∏—Ç—å—Å—è –∫ —Ñ–ª–µ—à–º–æ–±—É –ú–ß–° –†–æ—Å—Å–∏–∏ –¶–û–î–î –∏ –æ–ø–µ—Ä–∞—Ç–æ—Ä–∞ –æ–±—â–µ—Å—Ç–≤–µ–Ω–Ω–æ–≥–æ —Ç—Ä–∞–Ω—Å–ø–æ—Ä—Ç–∞ –õ–æ–Ω–¥–æ–Ω–∞.
-35068738,2019-12-22T11:50:52.000Z,–°–µ–≥–æ–¥–Ω—è –æ—Ç–º–µ—á–∞–µ—Ç —Å–≤–æ–π 80-–ª–µ—Ç–Ω–∏–π —é–±–∏–ª–µ–π –≤—ã–¥–∞—é—â–∏–π—Å—è –∫–∞—Ä–¥–∏–æ—Ö–∏—Ä—É—Ä–≥ –õ–µ–æ –ê–Ω—Ç–æ–Ω–æ–≤–∏—á –ë–æ–∫–µ—Ä–∏—è.  –õ–µ–æ –ë–æ–∫–µ—Ä–∏—è ‚Äî –ª–µ–≥–µ–Ω–¥–∞ –æ—Ç–µ—á–µ—Å—Ç–≤–µ–Ω–Ω–æ–π –º–µ–¥–∏—Ü–∏–Ω—ã ¬´–≥–ª–∞–≤–Ω—ã–π –∫–∞—Ä–¥–∏–æ—Ö–∏—Ä—É—Ä–≥ –†–æ—Å—Å–∏–∏¬ª –≤—Å—é —Å–≤–æ—é –∂–∏–∑–Ω—å –æ–Ω –ø–æ—Å–≤—è—Ç–∏–ª —Å–ø–∞—Å–µ–Ω–∏—é –¥—Ä—É–≥–∏—Ö –ª—é–¥–µ–π.  –õ–µ–æ –ê–Ω—Ç–æ–Ω–æ–≤–∏—á –æ—Ç–Ω–æ—Å–∏—Ç—Å—è –∫ –Ω–µ–±–æ–ª—å—à–æ–º—É —á–∏—Å–ª—É –∫–∞—Ä–¥–∏–æ—Ö–∏—Ä—É—Ä–≥–æ–≤ –º–∏—Ä–∞ –∫–æ—Ç–æ—Ä—ã–µ –≤—ã–ø–æ–ª–Ω—è—é—Ç –≤–µ—Å—å –∏–∑–≤–µ—Å—Ç–Ω—ã–π –∞—Ä—Å–µ–Ω–∞–ª –æ–ø–µ—Ä–∞—Ü–∏–π –Ω–∞ —Å–µ—Ä–¥—Ü–µ –ø—Ä–∏ —Å–∞–º–æ–π —Ä–∞–∑–Ω–æ–æ–±—Ä–∞–∑–Ω–æ–π –ø–∞—Ç–æ–ª–æ–≥–∏–∏. –ú–Ω–æ–≥–∏–µ –∏–∑ –æ–ø–µ—Ä–∞—Ü–∏–π –∏ —Å–µ–≥–æ–¥–Ω—è –Ω–µ –∏–º–µ—é—Ç –∞–Ω–∞–ª–æ–≥–æ–≤ –≤ –º–∏—Ä–µ!  –ü–æ–∑–¥—Ä–∞–≤–ª—è–µ–º!  –§–æ—Ç–æ: –¢–ê–°–°
-35068738,2019-12-22T11:05:10.000Z,–í ¬´–õ—É–∂–Ω–∏–∫–∞—Ö¬ª –ø—Ä–æ—à—ë–ª –ö—É–±–æ–∫ –º–∏—Ä–∞ –ø–æ —Å–Ω–µ–≥–æ—Ö–æ–¥–Ω–æ–º—É —Ñ—Ä–∏—Å—Ç–∞–π–ª—É. –í —Å–æ—Ä–µ–≤–Ω–æ–≤–∞–Ω–∏—è—Ö —É—á–∞—Å—Ç–≤–æ–≤–∞–ª–∏ –ª—É—á—à–∏–µ —Ä–∞–π–¥–µ—Ä—ã —Å–æ –≤—Å–µ–≥–æ –º–∏—Ä–∞.  –ó—Ä–µ–ª–∏—â–Ω–æ–µ –º–µ—Ä–æ–ø—Ä–∏—è—Ç–∏–µ —Ç–æ–ª—å–∫–æ —á–∞—Å—Ç—å –±–æ–ª—å—à–æ–≥–æ –∑–∏–º–Ω–µ–≥–æ —Å–ø–æ—Ä—Ç–∏–≤–Ω–æ–≥–æ –ø—Ä–∞–∑–¥–Ω–∏–∫–∞ –∫–æ—Ç–æ—Ä—ã–π –±—É–¥–µ—Ç –ø—Ä–æ–¥–æ–ª–∂–∞—Ç—å—Å—è –≤—Å—é –Ω–µ–¥–µ–ª—é.
-35068738,2019-12-22T10:17:30.000Z,–ö–∞–∂–¥—ã–π 4-–π –∂–∏—Ç–µ–ª—å –∫—Ä—É–ø–Ω–æ–≥–æ –≥–æ—Ä–æ–¥–∞ –≤ –†–æ—Å—Å–∏–∏ –ø–æ –¥–∞–Ω–Ω—ã–º –í–¶–ò–û–ú –Ω–µ –¥–æ–≤–µ—Ä—è–µ—Ç —Å–≤–æ–∏–º —Å–æ—Å–µ–¥—è–º.  –î–æ–ª—è –Ω–µ–¥–æ–≤–µ—Ä—á–∏–≤—ã—Ö –∂–∏—Ç–µ–ª–µ–π –º–Ω–æ–≥–æ–∫–≤–∞—Ä—Ç–∏—Ä–Ω—ã—Ö –¥–æ–º–æ–≤ ‚Äî 18% –∞ —Å—Ä–µ–¥–∏ —Å–Ω–∏–º–∞—é—â–∏—Ö –∂–∏–ª—å—ë –Ω–µ –¥–æ–≤–µ—Ä—è–µ—Ç —Å–æ—Å–µ–¥—è–º –∫–∞–∂–¥—ã–π —Ç—Ä–µ—Ç–∏–π.  –ü—Ä–∏ —ç—Ç–æ–º 79% –æ–ø—Ä–æ—à–µ–Ω–Ω—ã—Ö —Ä–æ—Å—Å–∏—è–Ω –¥–æ–≤–µ—Ä—è—é—Ç —Å–æ—Å–µ–¥—è–º –∞ –ø–æ—á—Ç–∏ –ø–æ–ª–æ–≤–∏–Ω–∞ (46%) —É—Ç–≤–µ—Ä–∂–¥–∞—é—Ç —á—Ç–æ –∑–Ω–∞–∫–æ–º—ã –ø–æ—á—Ç–∏ —Å–æ –≤—Å–µ–º–∏ —Å–æ—Å–µ–¥—è–º–∏ –ø–æ –ø–æ–¥—ä–µ–∑–¥—É.   –§–æ—Ç–æ: shutterstock
-35068738,2019-12-22T09:09:26.000Z,–ù–∞–¥–æ–µ–ª–∞ –∫–æ–Ω—Ç–µ–∫—Å—Ç–Ω–∞—è —Ä–µ–∫–ª–∞–º–∞? –ê –≤–æ–æ–±—â–µ –º–æ–∂–Ω–æ –∫–∞–∫-—Ç–æ –∑–∞—â–∏—Ç–∏—Ç—å—Å—è –æ—Ç –Ω–µ—ë? –ö–∞–∫ –∑–∞—â–∏—Ç–∏—Ç—å —Å–≤–æ–∏ –ø–µ—Ä—Å–æ–Ω–∞–ª—å–Ω—ã–µ –¥–∞–Ω–Ω—ã–µ –Ω–∞ —Å–º–∞—Ä—Ç—Ñ–æ–Ω–µ –æ—Ç –ø–æ—Å—Ç–æ—Ä–æ–Ω–Ω–∏—Ö –≥–ª–∞–∑ –∏ —Ä—É–∫?
-35068738,2019-12-22T07:45:08.000Z,–ö—Ä–æ–∫–æ–¥–∏–ª –ì–µ–Ω–∞ –∏ –ß–µ–±—É—Ä–∞—à–∫–∞ –®–∞—Ä–∏–∫ –∏ –ú–∞—Ç—Ä–æ—Å–∫–∏–Ω: –∫—Ç–æ –∏—Ö –Ω–µ –∑–Ω–∞–µ—Ç?! –í—Ä—è–¥ –ª–∏ —Ç–∞–∫–∏–µ –Ω–∞–π–¥—É—Ç—Å—è. –°–µ–≥–æ–¥–Ω—è –¥–µ–Ω—å —Ä–æ–∂–¥–µ–Ω–∏—è —É –≠–¥—É–∞—Ä–¥–∞ –£—Å–ø–µ–Ω—Å–∫–æ–≥–æ ‚Äì –∞–≤—Ç–æ—Ä–∞ –∑–Ω–∞–º–µ–Ω–∏—Ç—ã—Ö –¥–µ—Ç—Å–∫–∏—Ö –ø–µ—Ä—Å–æ–Ω–∞–∂–µ–π.
-35068738,2019-12-22T07:08:52.000Z,–í–æ—Ç —á—Ç–æ –±—ã–≤–∞–µ—Ç –∫–æ–≥–¥–∞ –Ω–µ —Å–æ–±–ª—é–¥–∞–µ—à—å –¥–∏—Å—Ç–∞–Ω—Ü–∏—é...  –í –ö–∞—Ä–∏–±—Å–∫–æ–º –º–æ—Ä–µ –¥–≤–∞ –∫—Ä—É–∏–∑–Ω—ã—Ö –ª–∞–π–Ω–µ—Ä–∞ –≤—Ä–µ–∑–∞–ª–∏—Å—å –¥—Ä—É–≥ –≤ –¥—Ä—É–≥–∞. –û–¥–∏–Ω –¥–æ–ª–∂–µ–Ω –±—ã–ª –ø—Ä–∏—á–∞–ª–∏—Ç—å –∫ –æ—Å—Ç—Ä–æ–≤—É –≤—Ç–æ—Ä–æ–π –∂–µ –Ω–µ —Ä–∞—Å—Å—á–∏—Ç–∞–ª –¥–∏—Å—Ç–∞–Ω—Ü–∏—é.  –í —Ä–µ–∑—É–ª—å—Ç–∞—Ç–µ –∏–Ω—Ü–∏–¥–µ–Ω—Ç–∞ –ø–æ—Å—Ç—Ä–∞–¥–∞–ª–∏ 6 —á–µ–ª–æ–≤–µ–∫.
-35068738,2019-12-22T04:42:55.000Z,–í –ù–æ–≤–æ–π –¢—Ä–µ—Ç—å—è–∫–æ–≤–∫–µ —Å—Ç–∞—Ä—Ç—É–µ—Ç –≤—ã—Å—Ç–∞–≤–∫–∞ –∫–æ—Ç–æ—Ä–∞—è –ø–æ—Å–≤—è—â–µ–Ω–∞ —Ä–∞–∑–≤–∏—Ç–∏—é –ø—Ä–æ–º—ã—à–ª–µ–Ω–Ω–æ–≥–æ –¥–∏–∑–∞–π–Ω–∞ –≤ –†–æ—Å—Å–∏–∏ —Å 1950-—Ö –≥–æ–¥–æ–≤ –¥–æ –Ω–∞—Å—Ç–æ—è—â–µ–≥–æ –≤—Ä–µ–º–µ–Ω–∏.  –í—ã—Å—Ç–∞–≤–∫–∞ –æ—Ç—Ä—ã–≤–∞–µ—Ç—Å—è 25 –¥–µ–∫–∞–±—Ä—è. –ß—Ç–æ —Å–º–æ–≥—É—Ç —É–≤–∏–¥–µ—Ç—å –ø–æ—Å–µ—Ç–∏—Ç–µ–ª–∏: https://s.m24.ru/pkWfHz–§–æ—Ç–æ: –∞—Ä—Ö–∏–≤ –ú–æ—Å–∫–æ–≤—Å–∫–æ–≥–æ –º—É–∑–µ—è –¥–∏–∑–∞–π–Ω–∞
-35068738,2019-12-21T20:01:33.000Z,–í–µ–¥—É—â–∏–µ –∫–∞–Ω–∞–ª–∞ ¬´–ú–æ—Å–∫–≤–∞ 24¬ª –ø—Ä–∏–Ω—è–ª–∏ —É—á–∞—Å—Ç–∏–µ –≤ –ø—Ä–æ–≥—Ä–∞–º–º–µ ¬´100 –∫ 1¬ª. –ò—Ö —Å–æ–ø–µ—Ä–Ω–∏–∫–∞–º–∏ —Å—Ç–∞–ª–∏ –≤–µ–¥—É—â–∏–µ —Ä–∞–¥–∏–æ—Å—Ç–∞–Ω—Ü–∏–∏ ¬´–ú–æ—Å–∫–≤–∞ FM¬ª. –í —Ö–æ–¥–µ –Ω–∞–ø—Ä—è–∂—ë–Ω–Ω–æ–π —Å—Ö–≤–∞—Ç–∫–∏ —Ä–∞–¥–∏–æ–≤–µ–¥—É—â–∏–º —É–¥–∞–ª–æ—Å—å –≤—ã—Ä–≤–∞—Ç—å –ø–æ–±–µ–¥—É. –ü–æ–∑–¥—Ä–∞–≤–ª—è–µ–º –∫–æ–ª–ª–µ–≥!  –§–æ—Ç–æ: –ú–æ—Å–∫–≤–∞ 24
-35068738,2019-12-21T18:59:29.000Z,38-–ª–µ—Ç–Ω—è—è –ö—Å–µ–Ω–∏—è –°–æ–±—á–∞–∫ –≤ –æ–¥–Ω–æ–º –∏–∑ –ø–æ—Å—Ç–æ–≤ –≤ —è–∑–≤–∏—Ç–µ–ª—å–Ω–æ–π –º–∞–Ω–µ—Ä–µ –Ω–∞–º–µ–∫–Ω—É–ª–∞ —á—Ç–æ –¥–∞–º–∞–º –∑–∞ 40 –Ω–µ –Ω—É–∂–Ω–æ –ø—É–±–ª–∏–∫–æ–≤–∞—Ç—å –æ—Ç–∫—Ä–æ–≤–µ–Ω–Ω—ã–µ —Ñ–æ—Ç–æ–≥—Ä–∞—Ñ–∏–∏. –ü—Ä–µ–¥–ø–æ–ª–æ–∂–∏—Ç–µ–ª—å–Ω–æ –ø–æ–≤–æ–¥–æ–º —Å—Ç–∞–ª –æ–±–Ω–∞–∂–µ–Ω–Ω—ã–π —Å–Ω–∏–º–æ–∫ –∞–∫—Ç—Ä–∏—Å—ã –û–∫—Å–∞–Ω—ã –õ–∞–≤—Ä–µ–Ω—Ç—å–µ–≤–æ–π.
-35068738,2019-12-21T18:33:11.000Z,–í —Ü–µ–Ω—Ç—Ä–µ –ú–æ—Å–∫–≤—ã –ø—Ä–æ–∏–∑–æ—à–ª–æ –≤–æ–∑–≥–æ—Ä–∞–Ω–∏–µ –∞–≤—Ç–æ–º–æ–±–∏–ª—è –ø–æ –ø—Ä–µ–¥–≤–∞—Ä–∏—Ç–µ–ª—å–Ω–æ–π –∏–Ω—Ñ–æ—Ä–º–∞—Ü–∏–∏ —ç—Ç–æ —Ä–µ–∑—É–ª—å—Ç–∞—Ç –î–¢–ü. –ü–æ–∂–∞—Ä–Ω—ã–µ —Å—Ä–∞–±–æ—Ç–∞–ª–∏ –æ–ø–µ—Ä–∞—Ç–∏–≤–Ω–æ –æ–≥–æ–Ω—å –ø–æ—Ç—É—à–µ–Ω. –î–≤–∏–∂–µ–Ω–∏–µ –ø–æ –≤–Ω—É—Ç—Ä–µ–Ω–Ω–µ–π —Å—Ç–æ—Ä–æ–Ω–µ –°–∞–¥–æ–≤–æ–≥–æ –∫–æ–ª—å—Ü–∞ –æ–≥—Ä–∞–Ω–∏—á–µ–Ω–æ.
-35068738,2019-12-21T18:07:26.000Z,–ü–æ–∫–∞ –¥–µ–∫–∞–±—Ä—å –≤ –ú–æ—Å–∫–≤–µ –±—å—ë—Ç —Ç–µ–º–ø–µ—Ä–∞—Ç—É—Ä–Ω—ã–µ —Ä–µ–∫–æ—Ä–¥—ã –º–æ–ª–æ–¥—ã–µ –ª—é–¥–∏ —Ä–µ—à–∏–ª–∏ –Ω–µ —É–ø—É—Å–∫–∞—Ç—å –º–æ–º–µ–Ω—Ç –∏ –∏—Å–∫—É–ø–∞—Ç—å—Å—è –≤ –ø—Ä—É–¥—É –≤ –ß–µ—Ä—Ç–∞–Ω–æ–≤–µ.
-35068738,2019-12-21T16:45:22.000Z,–í –î–æ–º–æ–¥–µ–¥–æ–≤–µ –≤—Ä–∞—á–∏ –ø—ã—Ç–∞—é—Ç—Å—è –ø–æ—Å—Ç–∞–≤–∏—Ç—å –Ω–∞ –Ω–æ–≥–∏ 11-–ª–µ—Ç–Ω–µ–≥–æ –º–∞–ª—å—á–∏–∫–∞ –∫–æ—Ç–æ—Ä–æ–≥–æ –≤ –º–∞–µ —Å–±–∏–ª –∞–≤—Ç–æ–º–æ–±–∏–ª—å. –ö–∞–∫–æ–µ –Ω–∞–∫–∞–∑–∞–Ω–∏–µ –ø–æ–Ω—ë—Å –≤–∏–Ω–æ–≤–Ω–∏–∫ –∞–≤–∞—Ä–∏–∏?
-35068738,2019-12-21T15:38:06.000Z,‚ùÑ –¢–∞–∫–∞—è —Å–Ω–µ–∂–Ω–∞—è –∑–∏–º–∞ –±—ã–ª–∞ –≤ 1963 –≥–æ–¥—É.  –ê –≤—ã –∂–¥—ë—Ç–µ —Å–Ω–µ–∂–æ–∫? –ò–ª–∏ –≤–∞–º –±–æ–ª—å—à–µ –ø–æ –¥—É—à–µ —Ç—ë–ø–ª–∞—è –∑–∏–º–∞?  –§–æ—Ç–æ: –¢–ê–°–°
-35068738,2019-12-21T15:05:02.000Z,–ü–æ—Å–ª–µ —à–∫–æ–ª—å–Ω–æ–π –¥–∏—Å–∫–æ—Ç–µ–∫–∏ –≤ –≥–æ—Ä–æ–¥–µ –ê–ø–∞—Ç–∏—Ç—ã –Ω–µ—Å–æ–≤–µ—Ä—à–µ–Ω–Ω–æ–ª–µ—Ç–Ω–∏–µ –Ω–∞—á–∞–ª–∏ —Ä–∞—Å–ø–∏–≤–∞—Ç—å —Å–ø–∏—Ä—Ç–Ω–æ–µ –∏–∑-–∑–∞ —á–µ–≥–æ –±—ã–ª–∞ –≤—ã–∑–≤–∞–Ω–∞ –ø–æ–ª–∏—Ü–∏—è.  –ü—Ä–∞–≤–æ–æ—Ö—Ä–∞–Ω–∏—Ç–µ–ª–∏ –ø–æ–ø—ã—Ç–∞–ª–∏—Å—å —Ä–∞–∑–æ–≥–Ω–∞—Ç—å –≤—ã–ø–∏–≤–∞—é—â—É—é –∫–æ–º–ø–∞–Ω–∏—é –æ–¥–Ω–∞–∫–æ –∑–∞–≤—è–∑–∞–ª–∞—Å—å –¥—Ä–∞–∫–∞ –≤ —Ö–æ–¥–µ –∫–æ—Ç–æ—Ä–æ–π –æ–¥–Ω–æ–≥–æ –∏–∑ —Å–æ—Ç—Ä—É–¥–Ω–∏–∫–æ–≤ –ø–æ–≤–∞–ª–∏–ª–∏ –Ω–∞ –∑–µ–º–ª—é –∏ –ø–∏–Ω–∞–ª–∏ –Ω–æ–≥–∞–º–∏.  –û–¥–∏–Ω –∏–∑ —Å–æ—Ç—Ä—É–¥–Ω–∏–∫–æ–≤ –ø–æ–ª—É—á–∏–ª —Å–æ—Ç—Ä—è—Å–µ–Ω–∏–µ –º–æ–∑–≥–∞ –∏ –ø—Ä–µ–¥–ø–æ–ª–æ–∂–∏—Ç–µ–ª—å–Ω–æ –∑–∞–∫—Ä—ã—Ç—É—é —á–µ—Ä–µ–ø–Ω–æ-–º–æ–∑–≥–æ–≤—É—é —Ç—Ä–∞–≤–º—É.  –í –Ω–∞—Å—Ç–æ—è—â–∏–π –º–æ–º–µ–Ω—Ç —Ö—É–ª–∏–≥–∞–Ω—ã –∑–∞–¥–µ—Ä–∂–∞–Ω—ã.
-35068738,2019-12-21T14:02:40.000Z,–£ –º—É–∂—á–∏–Ω—ã –∑–∞–≥–ª–æ—Ö –∞–≤—Ç–æ–º–æ–±–∏–ª—å –Ω–∞ –ö—É—Ç—É–∑–æ–≤—Å–∫–æ–º –ø—Ä–æ—Å–ø–µ–∫—Ç–µ –≤ –ú–æ—Å–∫–≤–µ. –û–Ω –≤—ã—à–µ–ª –∏–∑ –º–∞—à–∏–Ω—ã –ø–æ—Å—Ç–∞–≤–∏–ª –∑–Ω–∞–∫ –∞–≤–∞—Ä–∏–π–Ω–æ–π –æ—Å—Ç–∞–Ω–æ–≤–∫–∏ –∏ –Ω–∞—á–∞–ª —Å–Ω–∏–º–∞—Ç—å –≤–∏–¥–µ–æ –∏ –æ–±–≤–∏–Ω—è–ª —Å–≤–æ—é –∂–µ–Ω—É –≤ —á—ë—Ä–Ω–æ–π –º–∞–≥–∏–∏ –Ω–∞–∑—ã–≤–∞–ª –µ—ë ¬´–∫–æ–ª–¥—É–Ω—å–µ–π¬ª.  –û–¥–Ω–∞–∫–æ —Å—é—Ä–ø—Ä–∏–∑—ã –Ω–∞ —ç—Ç–æ–º –Ω–µ –∑–∞–∫–æ–Ω—á–∏–ª–∏—Å—å...
-35068738,2019-12-21T12:32:26.000Z,–°–æ—Ç—Ä—É–¥–Ω–∏–∫–∏ –ø–æ–ª–∏—Ü–∏–∏ –∑–∞–¥–µ—Ä–∂–∞–ª–∏ –Ω–µ—Ç—Ä–µ–∑–≤–æ–≥–æ –ø–∞—Å—Å–∞–∂–∏—Ä–∞ –≤ –∞—ç—Ä–æ–ø–æ—Ä—Ç—É –í–Ω—É–∫–æ–≤–æ. –ü–æ —Å–ª–æ–≤–∞–º –æ—á–µ–≤–∏–¥—Ü–µ–≤ –º—É–∂—á–∏–Ω–∞ –±—ã–ª –Ω–∞—Å—Ç–æ–ª—å–∫–æ –ø—å—è–Ω —á—Ç–æ –Ω–µ –º–æ–≥ –∏–¥—Ç–∏ —Å–∞–º–æ—Å—Ç–æ—è—Ç–µ–ª—å–Ω–æ.  –ü–æ–ª–∏—Ü–µ–π—Å–∫–∏–º –ø—Ä–∏—à–ª–æ—Å—å —Ç—Ä–∞–Ω—Å–ø–æ—Ä—Ç–∏—Ä–æ–≤–∞—Ç—å –µ–≥–æ –Ω–∞ –±–∞–≥–∞–∂–Ω–æ–π —Ç–µ–ª–µ–∂–∫–µ.
-35068738,2019-12-21T11:17:42.000Z,–í–µ—á–µ—Ä–æ–º 19 –¥–µ–∫–∞–±—Ä—è –º—É–∂—á–∏–Ω–∞ —É—Å—Ç—Ä–æ–∏–ª —Å—Ç—Ä–µ–ª—å–±—É —É –∑–¥–∞–Ω–∏—è –§–°–ë –Ω–∞ –õ—É–±—è–Ω–∫–µ. –í —Ö–æ–¥–µ —Å–ø–µ—Ü–æ–ø–µ—Ä–∞—Ü–∏–∏ –µ–≥–æ —É–¥–∞–ª–æ—Å—å –ª–∏–∫–≤–∏–¥–∏—Ä–æ–≤–∞—Ç—å. –ü–æ –¥–∞–Ω–Ω—ã–º –°–ú–ò –∏–º –±—ã–ª –ï–≤–≥–µ–Ω–∏–π –ú–∞–Ω—é—Ä–æ–≤ –∏–∑ –ü–æ–¥–æ–ª—å—Å–∫–∞. –í–æ—Ç —á—Ç–æ –æ –Ω—ë–º –∏–∑–≤–µ—Å—Ç–Ω–æ.
-35068738,2019-12-21T10:06:13.000Z,–í –°–∞–Ω–∫—Ç-–ü–µ—Ç–µ—Ä–±—É—Ä–≥–µ –Ω–∞ —Ç—Ä–∞—Å—Å–µ ¬´–°–∫–∞–Ω–¥–∏–Ω–∞–≤–∏—è¬ª –ø—Ä–æ–∏–∑–æ—à–ª–æ –æ–≥–Ω–µ–Ω–Ω–æ–µ –î–¢–ü. –ì—Ä—É–∑–æ–≤–∏–∫ –ø—Ä–æ—Ç–∞—Ä–∞–Ω–∏–ª 6 –∞–≤—Ç–æ–º–æ–±–∏–ª–µ–π —Å—Ç–æ—è—â–∏—Ö –Ω–∞ —Å–≤–µ—Ç–æ—Ñ–æ—Ä–µ –ø–æ—Å–ª–µ —á–µ–≥–æ –æ–Ω–∏ –∑–∞–≥–æ—Ä–µ–ª–∏—Å—å.  –í —Ä–µ–∑—É–ª—å—Ç–∞—Ç–µ –î–¢–ü –ø–æ–≥–∏–±–ª–æ 2 —á–µ–ª–æ–≤–µ–∫–∞ 4 –ø–æ—Å—Ç—Ä–∞–¥–∞–ª–æ.
-35068738,2019-12-21T08:31:45.000Z,üå≤ –ö–∞–∫–∞—è —ë–ª–∫–∞ –∫—Ä–∞—Å–∏–≤–µ–µ –∞ –≥–ª–∞–≤–Ω–æ–µ –±–µ–∑–æ–ø–∞—Å–Ω–µ–µ? –ß—Ç–æ –Ω—É–∂–Ω–æ –∑–Ω–∞—Ç—å –æ —Å–∞–º–æ–º –≥–ª–∞–≤–Ω–æ–º –Ω–æ–≤–æ–≥–æ–¥–Ω–µ–º —É–∫—Ä–∞—à–µ–Ω–∏–∏ –¥–æ–º–∞.
-35068738,2019-12-21T07:13:36.000Z,5-–ª–µ—Ç–Ω—è—è –ù–∞—Å—Ç—è –†–∞–¥–∑–∏–Ω—Å–∫–∞—è –∑–∞ —ç—Ç–æ—Ç –≥–æ–¥ –∑–∞—Ä–∞–±–æ—Ç–∞–ª–∞ 18 –º–ª–Ω –¥–æ–ª–ª–∞—Ä–æ–≤ –∏ –≤–æ—à–ª–∞ –≤ —Ç—Ä–æ–π–∫—É –ª–∏–¥–µ—Ä–æ–≤ —Å–∞–º—ã—Ö –≤—ã—Å–æ–∫–æ–æ–ø–ª–∞—á–∏–≤–∞–µ–º—ã—Ö –±–ª–æ–≥–µ—Ä–æ–≤. –ö–∞–∫ –µ–π —ç—Ç–æ —É–¥–∞–ª–æ—Å—å?
-35068738,2019-12-21T06:26:16.000Z,–†–æ—Å—Å–∏–π—Å–∫–∏–µ —Å–ø–µ—Ü–∏–∞–ª–∏—Å—Ç—ã —Ä–∞–∑—Ä–∞–±–æ—Ç–∞–ª–∏ –∏ –≤–Ω–µ–¥—Ä–∏–ª–∏ —É–Ω–∏–∫–∞–ª—å–Ω—ã–µ —Ç–µ—Ö–Ω–æ–ª–æ–≥–∏–∏ –¥–ª—è —ç–Ω–µ—Ä–≥–µ—Ç–∏—á–µ—Å–∫–∏—Ö —Å–µ—Ç–µ–π –ú–æ—Å–∫–≤—ã. –û–±–æ—Ä—É–¥–æ–≤–∞–Ω–∏–µ –Ω–æ–≤–æ–≥–æ –ø–æ–∫–æ–ª–µ–Ω–∏—è –∞–Ω–∞–ª–æ–≥–æ–≤ –∫–æ—Ç–æ—Ä–æ–º—É –Ω–µ—Ç –Ω–∏–≥–¥–µ –≤ –º–∏—Ä–µ –∑–∞–ø—É—Å—Ç–∏–ª–∏ –Ω–∞ –ø–æ–¥—Å—Ç–∞–Ω—Ü–∏–∏ –≤ –ú–Ω—ë–≤–Ω–∏–∫–∞—Ö. –ü–æ–¥—Ä–æ–±–Ω–µ–µ: https://s.m24.ru/6KyAmU
-35068738,2019-12-21T04:34:53.000Z,–í ¬´–õ—É–∂–Ω–∏–∫–∞—Ö¬ª –æ—Ç–∫—Ä—ã–ª—Å—è –¥–≤–æ—Ä–µ—Ü –≤–æ–¥–Ω—ã—Ö –≤–∏–¥–æ–≤ —Å–ø–æ—Ä—Ç–∞ –∏ —É–∂–µ –ø—Ä–∏–Ω–∏–º–∞–µ—Ç –ø–æ—Å–µ—Ç–∏—Ç–µ–ª–µ–π!  –ö–∞–∫–∏–º —Å—Ç–∞–ª –æ–±–Ω–æ–≤–ª—ë–Ω–Ω—ã–π –∞–∫–≤–∞–∫–æ–º–ø–ª–µ–∫—Å –∏ —á–µ–º –æ–Ω –º–æ–∂–µ—Ç —É–¥–∏–≤–∏—Ç—å –º–æ—Å–∫–≤–∏—á–µ–π? –ü–æ–¥—Ä–æ–±–Ω–µ–µ: https://s.m24.ru/MJQ3wn–§–æ—Ç–æ: –ú–æ—Å–∫–≤–∞ 24
-35068738,2019-12-21T00:15:36.000Z,–ú–æ—Å–∫–æ–≤—Å–∫–∏–µ –∫–∞—Ñ–µ –∫ –ù–æ–≤–æ–º—É –≥–æ–¥—É –≥–æ—Ç–æ–≤—ã! –ù–∞ —Å—Ç–∞–∫–∞–Ω—á–∏–∫–∏ –¥–ª—è –≥–æ—Ä—è—á–∏—Ö –Ω–∞–ø–∏—Ç–∫–æ–≤ –¥–∏–∑–∞–π–Ω–µ—Ä—ã –Ω–∞–Ω–µ—Å–ª–∏ —Ç–µ–º–∞—Ç–∏—á–µ—Å–∫–∏–µ –ø—Ä–∏–Ω—Ç—ã: –≤—Å–µ —Ä–∞–∑–Ω—ã–µ –Ω–æ –æ–¥–∏–Ω–∞–∫–æ–≤–æ –ø—Ä–∞–∑–¥–Ω–∏—á–Ω—ã–µ. –°–æ–±—Ä–∞–ª–∏ —Å–∞–º—ã–µ –∫—Ä–∞—Å–∏–≤—ã–µ: https://s.m24.ru/OZiaJn–§–æ—Ç–æ: Coffee Moose
-35068738,2019-12-20T20:52:34.000Z,–ù–∞ –í–æ—Ä–æ–±—å—ë–≤—ã—Ö –≥–æ—Ä–∞—Ö —Å–æ–±–∏—Ä–∞—é—Ç—Å—è –æ—Ç—Ä–µ—Å—Ç–∞–≤—Ä–∏—Ä–æ–≤–∞—Ç—å –î–≤–æ—Ä–µ—Ü –ø–∏–æ–Ω–µ—Ä–æ–≤.  –î–≤–æ—Ä–µ—Ü –±—É–¥–µ—Ç –æ–±–Ω–æ–≤–ª—ë–Ω –∫ 2023 –≥–æ–¥—É. –û–Ω —Å—Ç–∞–Ω–µ—Ç –ª—É—á—à–∏–º –≤ –†–æ—Å—Å–∏–∏ –∏ –º–∏—Ä–µ –¥–µ—Ç—Å–∫–∏–º —Ü–µ–Ω—Ç—Ä–æ–º –¥–æ–ø–æ–ª–Ω–∏—Ç–µ–ª—å–Ω–æ–≥–æ –æ–±—Ä–∞–∑–æ–≤–∞–Ω–∏—è –Ω–∞—É–∫–∏ –∏—Å–∫—É—Å—Å—Ç–≤–∞ –∏ —Å–ø–æ—Ä—Ç–∞ –¥–æ—Å—Ç—É–ø–Ω—ã–º –¥–ª—è –∫–∞–∂–¥–æ–≥–æ —Å—Ç–æ–ª–∏—á–Ω–æ–≥–æ —à–∫–æ–ª—å–Ω–∏–∫–∞.  –ü–µ—Ä–µ–¥ —Å–ø–µ—Ü–∏–∞–ª–∏—Å—Ç–∞–º–∏ —Å—Ç–æ–∏—Ç –∑–∞–¥–∞—á–∞ –º–∞–∫—Å–∏–º–∞–ª—å–Ω–æ –±–µ—Ä–µ–∂–Ω–æ –ø—Ä–æ–≤–µ—Å—Ç–∏ —Ä–µ—Å—Ç–∞–≤—Ä–∞—Ü–∏—é —Å–æ—Ö—Ä–∞–Ω–∏–≤ –ª—É—á—à–µ–µ –∏ —Å–æ–∑–¥–∞–≤ –±–µ–∑–æ–ø–∞—Å–Ω—ã–µ —É—Å–ª–æ–≤–∏—è –¥–ª—è –∑–∞–Ω—è—Ç–∏–π –¥–µ—Ç–µ–π –∏ –≤–∑—Ä–æ—Å–ª—ã—Ö.  –ù–∞ —Ñ–æ—Ç–æ –ø—Ä–æ–µ–∫—Ç–Ω–æ–µ —Ä–µ—à–µ–Ω–∏–µ —Ä–µ—Å—Ç–∞–≤—Ä–∞—Ü–∏–∏.
-35068738,2019-12-20T19:53:58.000Z,üéô–í —ç—Ç–∏ –≤—ã—Ö–æ–¥–Ω—ã–µ –ø–∞—Ä–∫ ¬´–ó–∞—Ä—è–¥—å–µ¬ª –ø—Ä–∏–≥–ª–∞—à–∞–µ—Ç –≤—Å–µ—Ö –∂–µ–ª–∞—é—â–∏—Ö –Ω–∞ –±–µ—Å–ø–ª–∞—Ç–Ω—ã–µ –∫–æ–Ω—Ü–µ—Ä—Ç—ã —Ñ–æ–ª–∫- –∏ –ø–æ–ø-–∏—Å–ø–æ–ª–Ω–∏—Ç–µ–ª–µ–π. –í—Ö–æ–¥ –±–µ—Å–ø–ª–∞—Ç–Ω—ã–π!
-35068738,2019-12-20T19:01:34.000Z,–ù–æ–≤—É—é –ª–∏–Ω–∏—é –º–µ—Ç—Ä–æ –∂–∏—Ç–µ–ª–∏ —é–≥–æ-–≤–æ—Å—Ç–æ–∫–∞ —Å—Ç–æ–ª–∏—Ü—ã –∂–¥–∞–ª–∏ –¥–∞–≤–Ω–æ. –≠—Ç–∏–º –ª–µ—Ç–æ–º –∑–∞–ø—É—Å—Ç–∏–ª–∏ —Å—Ä–∞–∑—É 4 –ø–µ—Ä–≤—ã—Ö —Å—Ç–∞–Ω—Ü–∏–∏ ¬´—Ä–æ–∑–æ–≤–æ–π¬ª –≤–µ—Ç–∫–∏. –ê –∫–æ–≥–¥–∞ –ù–µ–∫—Ä–∞—Å–æ–≤—Å–∫–∞—è –ø–æ–µ–¥–µ—Ç –ø–æ–ª–Ω–æ—Å—Ç—å—é?
-35068738,2019-12-20T18:33:38.000Z,–î–≤–æ–µ –∂–∏—Ç–µ–ª–µ–π –ú–æ—Å–∫–≤—ã —Å–±—Ä–æ—Å–∏–ª–∏ —Å –≤–µ—Ä—Ç–æ–ª—ë—Ç–∞ Mercedes Gelendewagen. –£–ø–∞–≤—à–∏–π —Å –≤—ã—Å–æ—Ç—ã 300 –º–µ—Ç—Ä–æ–≤ –≤–Ω–µ–¥–æ—Ä–æ–∂–Ω–∏–∫ –±—ã–ª —Å–¥–∞–Ω –Ω–∞ –º–µ—Ç–∞–ª–ª–æ–ª–æ–º. –ü–æ –¥–∞–Ω–Ω—ã–º –°–ú–ò –∞–≤—Ç–æ–º–æ–±–∏–ª—å –±—ã–ª –ø–æ—Å—Ç–∞–≤–ª–µ–Ω –Ω–∞ –∫–æ–Ω –≤ —Å–ø–æ—Ä–µ.  –ü–æ–ª–∏—Ü–∏—è –ø—Ä–æ–≤–æ–¥–∏—Ç –ø—Ä–æ–≤–µ—Ä–∫—É.
-35068738,2019-12-20T17:45:08.000Z,–ì–¥–µ –∏ –≥–ª–∞–≤–Ω–æ–µ –∑–∞ —Å–∫–æ–ª—å–∫–æ –º–æ–∂–Ω–æ –Ω–∞–ø–æ–ª–Ω–∏—Ç—å –¥–æ–º —Å–≤–µ–∂–∏–º —Ö–≤–æ–π–Ω—ã–º –∑–∞–ø–∞—Ö–æ–º?  –í –ú–æ—Å–∫–≤–µ –æ—Ç–∫—Ä—ã–ª–∏—Å—å —ë–ª–æ—á–Ω—ã–µ –±–∞–∑–∞—Ä—ã.  –ù–∞ —Å—Ç–µ–Ω–¥–∞—Ö –¥–æ–ª–∂–Ω–∞ –±—ã—Ç—å –≤—Å—è –∏–Ω—Ñ–æ—Ä–º–∞—Ü–∏—è –æ –ø—Ä–æ–¥–∞–≤—Ü–µ —Ç–æ–≤–∞—Ä–µ –∏ —Ü–µ–Ω–∞—Ö. –ù–∞ –≤—Å–µ—Ö –µ–ª–æ—á–Ω—ã—Ö –±–∞–∑–∞—Ä–∞—Ö –º–æ–∂–Ω–æ –ø—Ä–∏–æ–±—Ä–µ—Å—Ç–∏ –µ–ª–∏ –∫–∞–∫ –æ—Ç–µ—á–µ—Å—Ç–≤–µ–Ω–Ω—ã—Ö –ø—Ä–æ–∏–∑–≤–æ–¥–∏—Ç–µ–ª–µ–π —Ç–∞–∫ –∏ –∑–∞—Ä—É–±–µ–∂–Ω—ã—Ö. –¢–∞–∫–∂–µ –º–æ–∂–Ω–æ –ø—Ä–∏–æ–±—Ä–µ—Å—Ç–∏ —Å–æ—Å–Ω—É –∏ –ª–∞–ø–Ω–∏–∫ –¥–ª—è —Ç–æ–≥–æ —á—Ç–æ–±—ã —Å–æ–∑–¥–∞—Ç—å –¥–æ–º–∞ –ø—Ä–∞–∑–¥–Ω–∏—á–Ω—É—é –∏ —É—é—Ç–Ω—É—é –∞—Ç–º–æ—Å—Ñ–µ—Ä—É.
-35068738,2019-12-20T17:30:03.000Z,üéä–ü–æ–¥–≤–æ–¥–∏–º –∏—Ç–æ–≥–∏ –∫–æ–Ω–∫—É—Ä—Å–∞ –∏ –¥–∞—Ä–∏–º –ø–∞—Ä—É –±–∏–ª–µ—Ç–æ–≤ –Ω–∞ –Ω–æ–≤–æ–≥–æ–¥–Ω–µ–µ —à–æ—É ¬´–í–æ–ª—à–µ–±–Ω–∞—è –∑–≤–µ–∑–¥–∞ –∂–µ–ª–∞–Ω–∏–π¬ª ‚Äì —É–≤–ª–µ–∫–∞—Ç–µ–ª—å–Ω–æ–µ –ø—É—Ç–µ—à–µ—Å—Ç–≤–∏–µ –ø–æ —Å–∫–∞–∑–æ—á–Ω–æ–π –†–æ—Å—Å–∏–∏.–ù–∞—à –ø–æ–±–µ–¥–∏—Ç–µ–ª—å: [id38059933|–¢–∞—Ç—å—è–Ω–∞ –ú–∞–ª—ã—à–µ–≤–∞] üéÅ–ü–æ–∑–¥—Ä–∞–≤–ª—è–µ–º! –ú—ã —Å–≤—è–∂–µ–º—Å—è —Å –≤–∞–º–∏ –¥–ª—è —É—Ç–æ—á–Ω–µ–Ω–∏—è –∏–Ω—Ñ–æ—Ä–º–∞—Ü–∏–∏ –æ –ø–æ–ª—É—á–µ–Ω–∏–∏ –±–∏–ª–µ—Ç–æ–≤!–í—Å–µ–º —Å–ø–∞—Å–∏–±–æ –∑–∞ —É—á–∞—Å—Ç–∏–µüñ§
-35068738,2019-12-20T17:04:41.000Z,¬´–ú–æ—è –º–µ—á—Ç–∞ –¥–æ–∂–∏—Ç—å –¥–æ 18 –º–æ–∂–µ—Ç –∏ –Ω–µ –∏—Å–ø–æ–ª–Ω–∏—Ç—å—Å—è¬ª: 15-–ª–µ—Ç–Ω—è—è –¥–µ–≤–æ—á–∫–∞ —á–µ—Ä–µ–∑ —Å—É–¥ –ø—ã—Ç–∞–µ—Ç—Å—è –ª–∏—à–∏—Ç—å –º–∞—Ç—å —Ä–æ–¥–∏—Ç–µ–ª—å—Å–∫–∏—Ö –ø—Ä–∞–≤. –û–Ω–∞ —É—Ç–≤–µ—Ä–∂–¥–∞–µ—Ç —á—Ç–æ –∂–µ–Ω—â–∏–Ω–∞ –∏–∑–±–∏–≤–∞–ª–∞ –∏ —É–Ω–∏–∂–∞–ª–∞ –µ—ë –∑–∞ –º–∞–ª–µ–π—à–∏–π –ø—Ä–æ—Å—Ç—É–ø–æ–∫.
-35068738,2019-12-20T16:30:02.000Z,"‚õ∏–ü—Ä–µ–º—å–µ—Ä–∞ —à–æ—É ""–ë–µ–ª–æ—Å–Ω–µ–∂–∫–∞"" –≤ ""–õ–µ–¥–æ–≤–æ–º —Ç–µ–∞—Ç—Ä–µ"" –≤ –ù–æ–≤–æ–ø—É—à–∫–∏–Ω—Å–∫–æ–º —Å–∫–≤–µ—Ä–µ.–í —Ä–æ–ª–∏ –ø—Ä–µ–∫—Ä–∞—Å–Ω–æ–π –ë–µ–ª–æ—Å–Ω–µ–∂–∫–∏ –≤—ã—Å—Ç—É–ø–∏—Ç –æ–ª–∏–º–ø–∏–π—Å–∫–∞—è —á–µ–º–ø–∏–æ–Ω–∫–∞ –ø–æ —Ñ–∏–≥—É—Ä–Ω–æ–º—É –∫–∞—Ç–∞–Ω–∏—é –ê–¥–µ–ª–∏–Ω–∞ –°–æ—Ç–Ω–∏–∫–æ–≤–∞.–°–º–æ—Ç—Ä–∏—Ç–µ –ø—Ä—è–º—É—é —Ç—Ä–∞–Ω—Å–ª—è—Ü–∏—é. üëáüèª"
-35068738,2019-12-20T15:46:07.000Z,–í—Ç–æ—Ä–æ–π —Å–æ—Ç—Ä—É–¥–Ω–∏–∫ –§–°–ë —Ä–∞–Ω–µ–Ω—ã–π –≤–æ –≤—Ä–µ–º—è –≤—á–µ—Ä–∞—à–Ω–µ–π —Å—Ç—Ä–µ–ª—å–±—ã –Ω–∞ –õ—É–±—è–Ω–∫–µ —É–º–µ—Ä –≤ –±–æ–ª—å–Ω–∏—Ü–µ. –ü–æ–¥—Ä–æ–±–Ω–µ–µ: https://s.m24.ru/63wxRm  UPD: –°–ö —Ä–∞—Å–∫—Ä—ã–ª –ª–∏—á–Ω–æ—Å—Ç—å –º—É–∂—á–∏–Ω—ã –æ—Ç–∫—Ä—ã–≤—à–µ–≥–æ —Å—Ç—Ä–µ–ª—å–±—É –Ω–∞ –õ—É–±—è–Ω–∫–µ. –ü–æ–¥—Ä–æ–±–Ω–µ–µ: https://s.m24.ru/g2a63d –§–æ—Ç–æ: –¢–ê–°–°/–ê—Ä—Ç–µ–º –ü—Ä–æ—Ü—é–∫
-35068738,2019-12-20T15:18:05.000Z,üåÉ–ù–∞—Å—Ç—É–ø–∞–µ—Ç –Ω–æ—á—å. –ì–æ—Ä–æ–¥ –∑–∞—Å—ã–ø–∞–µ—Ç –ø—Ä–æ—Å—ã–ø–∞—é—Ç—Å—è‚Ä¶ –º–æ–ª–æ–¥–æ–∂—ë–Ω—ã! –° 21 –¥–µ–∫–∞–±—Ä—è –ì—Ä–∏–±–æ–µ–¥–æ–≤—Å–∫–∏–π –ó–ê–ì–° –≤ —Å—Ç–æ–ª–∏—Ü–µ –Ω–∞—á–Ω—ë—Ç —Ä–µ–≥–∏—Å—Ç—Ä–∏—Ä–æ–≤–∞—Ç—å –±—Ä–∞–∫–∏ –ø–æ –Ω–æ—á–∞–º üë∞ü§µ –ü–æ–¥—Ä–æ–±–Ω–µ–µ: https://s.m24.ru/TlLBHs
-35068738,2019-12-20T14:31:05.000Z,üëÆ‚Äç‚ôÇ –°–æ—Ç—Ä—É–¥–Ω–∏–∫–∏ –ì–ò–ë–î–î –º–æ–≥—É—Ç –ø–æ–ª—É—á–∏—Ç—å –ø—Ä–∞–≤–æ –ø—Ä–æ–≤–µ—Ä—è—Ç—å –≤–æ–¥–∏—Ç–µ–ª–µ–π –Ω–∞ –∞–ª–∫–æ–≥–æ–ª—å –∏ –Ω–∞—Ä–∫–æ—Ç–∏–∫–∏. –†–∞–Ω–µ–µ —Å —Ç–∞–∫–æ–π –∏–Ω–∏—Ü–∏–∞—Ç–∏–≤–æ–π –≤—ã—Å—Ç—É–ø–∏–ª–∏ –≤ –ú–í–î. –ü—Ä–µ–¥–ø–æ–ª–∞–≥–∞–µ—Ç—Å—è —á—Ç–æ –ø–æ—è–≤–∏—Ç—Å—è –Ω–æ–≤—ã–π –ø—Ä–∏–∑–Ω–∞–∫ –æ–ø—å—è–Ω–µ–Ω–∏—è. –ö–∞–∫–æ–π —ç—Ç–æ –ø—Ä–∏–∑–Ω–∞–∫ –Ω—É–∂–Ω—ã –ª–∏ —Ç–∞–∫–∏–µ –∏–∑–º–µ–Ω–µ–Ω–∏—è –∏ —á—Ç–æ –æ–± —ç—Ç–æ–º –≥–æ–≤–æ—Ä—è—Ç —ç–∫—Å–ø–µ—Ä—Ç—ã ‚Äî –ø–æ–¥—Ä–æ–±–Ω–æ—Å—Ç–∏ –∑–¥–µ—Å—å ‚§µ–§–æ—Ç–æ: –ú–æ—Å–∫–≤–∞ 24/–ê–ª–µ–∫—Å–∞–Ω–¥—Ä –ê–≤–∏–ª–æ–≤
-35068738,2019-12-20T14:01:44.000Z,–í –ú–æ—Å–∫–≤–µ –æ—Ç–∫—Ä—ã–ª–∏—Å—å —ë–ª–æ—á–Ω—ã–µ –±–∞–∑–∞—Ä—ã. –ö–∞–∫ –≤—ã–±—Ä–∞—Ç—å –Ω–æ–≤–æ–≥–æ–¥–Ω—é—é —ë–ª–∫—É? –°–æ–≤–µ—Ç—ã –º–æ—Å–∫–≤–∏—á–∞–º –Ω–∞ —Å–≤–æ–µ–π –æ—Ñ–∏—Ü–∏–∞–ª—å–Ω–æ–π —Å—Ç—Ä–∞–Ω–∏—Ü–µ –≤ —Å–æ—Ü—Å–µ—Ç–∏ ¬´–í–ö–æ–Ω—Ç–∞–∫—Ç–µ¬ª –¥–∞–ª –º—ç—Ä –ú–æ—Å–∫–≤—ã –°–µ—Ä–≥–µ–π –°–æ–±—è–Ω–∏–Ω: https://vk.com/mossobyanin?w=wall265870743_457871–§–æ—Ç–æ: –ê–≥–µ–Ω—Ç—Å—Ç–≤–æ ¬´–ú–æ—Å–∫–≤–∞¬ª
-35068738,2019-12-20T13:32:07.000Z,–ú—É–∂—á–∏–Ω–∞ –∑–∞–±—Ä–∞–ª—Å—è –Ω–∞ –æ–ø–æ—Ä—É –ö—Ä—ã–º—Å–∫–æ–≥–æ –º–æ—Å—Ç–∞ –≤ –ú–æ—Å–∫–≤–µ. –ï–≥–æ –æ—Ç—Ç—É–¥–∞ —Å–Ω—è–ª–∏ —ç–∫—Å—Ç—Ä–µ–Ω–Ω—ã–µ —Å–ª—É–∂–±—ã –∏ –¥–æ—Å—Ç–∞–≤–∏–ª–∏ –≤ –æ—Ç–¥–µ–ª –ø–æ–ª–∏—Ü–∏–∏ –¥–ª—è –±–µ—Å–µ–¥—ã. –ò–∑-–∑–∞ –∏–Ω—Ü–∏–¥–µ–Ω—Ç–∞ –±—ã–ª–æ –æ–≥—Ä–∞–Ω–∏—á–µ–Ω–æ –¥–≤–∏–∂–µ–Ω–∏–µ –ø–æ –≤–Ω–µ—à–Ω–µ–π —Å—Ç–æ—Ä–æ–Ω–µ –°–∞–¥–æ–≤–æ–≥–æ –∫–æ–ª—å—Ü–∞.  –ú–æ—Ç–∏–≤—ã –µ–≥–æ –ø–æ—Å—Ç—É–ø–∫–∞ —É—Å—Ç–∞–Ω–∞–≤–ª–∏–≤–∞—é—Ç—Å—è.
-35068738,2019-12-20T12:33:10.000Z,–ü–†–û–°–¢–û –ü–û–•–£–î–ï–¢–¨ –ü–æ—Ö—É–¥–µ—Ç—å –∑–∞ 3 –ø—Ä–æ—Ü–µ–¥—É—Ä—ã –Ω–∞ 2 —Ä–∞–∑–º–µ—Ä–∞. –ß—Ç–æ –±—ã —Ç–∞–∫–æ–≥–æ —Å—ä–µ—Å—Ç—å —á—Ç–æ–±—ã –Ω–µ –ø–æ—Ç–æ–ª—Å—Ç–µ—Ç—å?  –°—Ç–æ–ª–∏—á–Ω–∞—è –∏–Ω–¥—É—Å—Ç—Ä–∏—è –∫—Ä–∞—Å–æ—Ç—ã –ø—Ä–µ–¥–ª–∞–≥–∞–µ—Ç —á—É–¥–æ —Å–ø–æ—Å–æ–±—ã –ø—Ä–∏–≤–µ—Å—Ç–∏ —Å–µ–±—è –≤ —Ñ–æ—Ä–º—É –∫ –ù–æ–≤–æ–º—É –≥–æ–¥—É.  –ö–∞–∫–∏–µ –º–µ—Ç–æ–¥—ã —Ä–µ–∞–ª—å–Ω–æ —Ä–∞–±–æ—Ç–∞—é—Ç? –ò –∫–∞–∫ –≤ –≥–æ–Ω–∫–µ –∑–∞ –∫—Ä–∞—Å–æ—Ç–æ–π –Ω–µ —É–≥—Ä–æ–±–∏—Ç—å –∑–¥–æ—Ä–æ–≤—å–µ? –°–º–æ—Ç—Ä–∏—Ç–µ ¬´–í–µ—á–µ—Ä¬ª –≤ 20-00. –ê –ø–æ–∫–∞ —Ö–æ—Ç–∏–º —É–∑–Ω–∞—Ç—å —É –≤–∞—Å:  –§–æ—Ç–æ: shutterstock
-35068738,2019-12-20T11:50:59.000Z,‚ùì–°—Ç–æ–∏—Ç –ª–∏ —Ä–∞–∑—Ä–µ—à–∞—Ç—å –ø–æ–ª–∏—Ü–∏–∏ –≤—Ä–µ–º–µ–Ω–Ω–æ –∏–∑—ã–º–∞—Ç—å –¥–µ—Ç–µ–π –∏–∑ —Å–µ–º—å–∏ –µ—Å–ª–∏ —Ä–µ–±—ë–Ω–∫—É —É–≥—Ä–æ–∂–∞–µ—Ç –æ–ø–∞—Å–Ω–æ—Å—Ç—å?  ‚ùï–ó–∞ 4 –≥–æ–¥–∞ –ø–æ—á—Ç–∏ –Ω–∞ 100% –≤—ã—Ä–æ—Å–ª–æ –∫–æ–ª–∏—á–µ—Å—Ç–≤–æ –ø—Ä–µ—Å—Ç—É–ø–ª–µ–Ω–∏–π –∫–æ—Ç–æ—Ä—ã–µ —Ä–æ–¥–∏—Ç–µ–ª–µ–π —Å–æ–≤–µ—Ä—à–∞—é—Ç –≤ –æ—Ç–Ω–æ—à–µ–Ω–∏–∏ —Å–≤–æ–∏—Ö –¥–µ—Ç–µ–π.*  –° —Ç–∞–∫–æ–π –∏–Ω–∏—Ü–∏–∞—Ç–∏–≤–æ–π –≤—ã—Å—Ç—É–ø–∏–ª–∏ –≤ –ú–í–î. –°–µ–π—á–∞—Å —Ç–∞–∫–∏–µ –ø–æ–ª–Ω–æ–º–æ—á–∏—è –µ—Å—Ç—å —Ç–æ–ª—å–∫–æ —É –æ—Ä–≥–∞–Ω–æ–≤ –æ–ø–µ–∫–∏ –∏ –µ—Å–ª–∏ —á—Ä–µ–∑–≤—ã—á–∞–π–Ω–∞—è —Å–∏—Ç—É–∞—Ü–∏—è –ø—Ä–æ–∏—Å—Ö–æ–¥–∏—Ç –≤ –Ω–µ—Ä–∞–±–æ—á–µ–µ –≤—Ä–µ–º—è —Ç–æ –Ω–∞ –Ω–µ—ë —Ä–µ–∞–≥–∏—Ä—É–µ—Ç –ø–æ–ª–∏—Ü–∏—è —É –∫–æ—Ç–æ—Ä–æ–π —Å–≤—è–∑–∞–Ω—ã —Ä—É–∫–∏. –†–µ—á—å –Ω–µ –∏–¥—ë—Ç –æ –ª–∏—à–µ–Ω–∏–∏ —Ä–æ–¥–∏—Ç–µ–ª—å—Å–∫–∏—Ö –ø—Ä–∞–≤ –∏ —Ä–µ—à–µ–Ω–∏–µ –±—É–¥—É—Ç –ø—Ä–∏–Ω–∏–º–∞—Ç—å —Ç–æ–ª—å–∫–æ –ø–æ—Å–ª–µ —Ä–∞–∑–±–∏—Ä–∞—Ç–µ–ª—å—Å—Ç–≤.  *–ø–æ —Å—Ç–∞—Ç–∏—Å—Ç–∏–∫–µ –ú–í–î
-35068738,2019-12-20T11:31:43.000Z,–û–¥–∏–Ω —á–µ–ª–æ–≤–µ–∫ –ø–æ–≥–∏–± –µ—â–µ –æ–¥–∏–Ω –ø–æ—Å—Ç—Ä–∞–¥–∞–ª –∏–∑-–∑–∞ –ø–æ—Ä—ã–≤–∏—Å—Ç–æ–≥–æ –≤–µ—Ç—Ä–∞ –≤ –ü–æ–¥–º–æ—Å–∫–æ–≤—å–µ –≤–µ—á–µ—Ä–æ–º 18 –¥–µ–∫–∞–±—Ä—è. –í –ú–æ—Å–∫–≤–µ –ø–æ–≤–∞–ª–∏–ª–æ –¥–µ—Ä–µ–≤—å—è —Å–æ –∑–¥–∞–Ω–∏–π —Å—Ä—ã–≤–∞–ª–æ –∫—Ä—ã—à–∏.
-35068738,2019-12-20T10:02:49.000Z,–ù–∏—á—Ç–æ –Ω–µ –¥–æ–ª–∂–Ω–æ –æ–º—Ä–∞—á–∏—Ç—å –Ω–æ–≤–æ–≥–æ–¥–Ω–∏–µ –ø—Ä–∞–∑–¥–Ω–∏–∫–∏ –æ—Å–æ–±–µ–Ω–Ω–æ —Ç–∞–∫–∞—è –≤–µ—â—å –∫–∞–∫ –∑–∞–¥–æ–ª–∂–µ–Ω–Ω–æ—Å—Ç–∏!  –ù–µ–æ–ø–ª–∞—á–µ–Ω–Ω—ã–µ –Ω–∞–ª–æ–≥–∏ —à—Ç—Ä–∞—Ñ—ã –∏ —É—Å–ª—É–≥–∏ –ñ–ö–• –∫–∞–∫ —Å–Ω–µ–∂–Ω—ã–π –∫–æ–º: –ø–µ–Ω–∏ –∏–∑-–∑–∞ –∫–æ—Ç–æ—Ä—ã—Ö –¥–æ–ª–≥ –±—É–¥–µ—Ç —Ä–∞—Å—Ç–∏ —Ä–∞–∑–±–∏—Ä–∞—Ç–µ–ª—å—Å—Ç–≤–∞ —Å —Å—É–¥–µ–±–Ω—ã–º–∏ –ø—Ä–∏—Å—Ç–∞–≤–∞–º–∏ –Ω–µ–≤–æ–∑–º–æ–∂–Ω–æ—Å—Ç—å –≤—ã–µ—Ö–∞—Ç—å –∑–∞ –≥—Ä–∞–Ω–∏—Ü—É.  –ú—ã —Ä–µ–∫–æ–º–µ–Ω–¥—É–µ–º –≤—Ö–æ–¥–∏—Ç—å –≤ –ù–æ–≤—ã–π –≥–æ–¥ –±–µ–∑ –Ω–µ–Ω—É–∂–Ω–æ–≥–æ –≥—Ä—É–∑–∞ –∏ —É–±–µ–¥–∏—Ç—å—Å—è —á—Ç–æ –≤—ã –Ω–∏–∫–æ–º—É –Ω–∏—á–µ–≥–æ –Ω–µ –¥–æ–ª–∂–Ω—ã.
-35068738,2019-12-20T09:03:44.000Z,Tesla Cybertruck –µ—â—ë –Ω–µ –ø–æ—Å—Ç—É–ø–∏–ª –≤ –ø—Ä–æ–¥–∞–∂—É –Ω–æ —É–∂–µ —Ä–∞—Å—Å–µ–∫–∞–µ—Ç –≤ –•–∏–º–∫–∞—Ö üòÅ  –ö–∞–∫ —Ç–µ–±–µ —Ç–∞–∫–æ–µ –ò–ª–æ–Ω –ú–∞—Å–∫?
-35068738,2019-12-20T08:05:58.000Z,–ù–æ–≤—ã–π —á–µ–ª–ª–µ–Ω–¥–∂ –Ω–∞–±–∏—Ä–∞–µ—Ç –ø–æ–ø—É–ª—è—Ä–Ω–æ—Å—Ç—å. –ù—É–∂–Ω–æ –ø–æ–¥–Ω—è—Ç—å —Å—Ç—É–ª –ø—Ä–∏–∂–∞–≤—à–∏—Å—å –≥–æ–ª–æ–≤–æ–π –∫ —Å—Ç–µ–Ω–µ. –ü–æ—á–µ–º—É –º—É–∂—á–∏–Ω—ã —Å–ø—Ä–∞–≤–ª—è—é—Ç—Å—è —Ö—É–∂–µ —á–µ–º –∂–µ–Ω—â–∏–Ω—ã?
-35068738,2019-12-20T06:58:07.000Z,–ù–∞ –õ—É–±—è–Ω–∫–µ –≥–¥–µ –≤—á–µ—Ä–∞ –≤–µ—á–µ—Ä–æ–º –ø—Ä–æ–∏–∑–æ—à–ª–∞ —Å—Ç—Ä–µ–ª—å–±–∞ –ø–æ—è–≤–∏–ª–∏—Å—å –∂–∏–≤—ã–µ —Ü–≤–µ—Ç—ã.  –ü–æ–≥–∏–± —Å–æ—Ç—Ä—É–¥–Ω–∏–∫ –§–°–ë. –ü—è—Ç—å –ø–æ—Å—Ç—Ä–∞–¥–∞–≤—à–∏—Ö. –°—Ç—Ä–µ–ª—è–≤—à–∏–π —É–Ω–∏—á—Ç–æ–∂–µ–Ω. –ï–≥–æ –ª–∏—á–Ω–æ—Å—Ç—å —É—Å—Ç–∞–Ω–∞–≤–ª–∏–≤–∞–µ—Ç—Å—è. –ú–æ—Ç–∏–≤—ã –Ω–∞–ø–∞–¥–µ–Ω–∏—è –≤—ã—è—Å–Ω—è—é—Ç.  UPD: –†–ò–ê –ù–æ–≤–æ—Å—Ç–∏ —Å–æ–æ–±—â–∞–µ—Ç —Å–æ —Å—Å—ã–ª–∫–æ–π –Ω–∞ –°–ú–ò —á—Ç–æ —Å—Ç—Ä–µ–ª—è–≤—à–∏–º –æ–∫–∞–∑–∞–ª—Å—è 39-–ª–µ—Ç–Ω–∏–π —É—Ä–æ–∂–µ–Ω–µ—Ü –ú–æ—Å–∫–æ–≤—Å–∫–æ–π –æ–±–ª–∞—Å—Ç–∏ –ï–≤–≥–µ–Ω–∏–π –ú–∞–Ω—é—Ä–æ–≤. –û—Ñ–∏—Ü–∏–∞–ª—å–Ω–æ–µ –ø–æ–¥—Ç–≤–µ—Ä–∂–¥–µ–Ω–∏–µ —ç—Ç–æ–π –∏–Ω—Ñ–æ—Ä–º–∞—Ü–∏–∏ –Ω–∞ –¥–∞–Ω–Ω—ã–π –º–æ–º–µ–Ω—Ç –æ—Ç—Å—É—Ç—Å—Ç–≤—É–µ—Ç.UPD2: –¢–ê–°–°: –í –∫–ª—É–±–µ –î–û–°–ê–ê–§ –≤ –ú–æ—Å–∫–≤–µ –ø—Ä–æ–≤–æ–¥—è—Ç —Å–ª–µ–¥—Å—Ç–≤–µ–Ω–Ω—ã–µ –¥–µ–π—Å—Ç–≤–∏—è –∏–∑-–∑–∞ –¥–µ–ª–∞ –æ —Å—Ç—Ä–µ–ª—å–±–µ –Ω–∞ –õ—É–±—è–Ω–∫–µ–í —Ç–∏—Ä–µ –º–æ–≥ –∑–∞–Ω–∏–º–∞—Ç—å—Å—è –ø–æ–¥–æ–∑—Ä–µ–≤–∞–µ–º—ã–π –≤ —Å—Ç—Ä–µ–ª—å–±–µ —Å–æ–æ–±—â–∏–ª –Ω–∞—á–∞–ª—å–Ω–∏–∫ —É–ø—Ä–∞–≤–ª–µ–Ω–∏—è –∏–Ω—Ñ–æ—Ä–º–∞—Ü–∏–∏ –∏ –∫–æ–º–º—É–Ω–∏–∫–∞—Ü–∏–π –î–û–°–ê–ê–§ –ò–≥–æ—Ä—å –§–∏–ª–∏–º–æ–Ω–æ–≤.
-35068738,2019-12-20T06:02:02.000Z,–ï—â—ë –Ω–∞ —Å–ª—É—Ö—É –∏—Å—Ç–æ—Ä–∏—è –æ —Ç–æ–º –∫–∞–∫ –∫–æ—Ä–º—è—â—É—é –º–∞–º—É —Å –º–ª–∞–¥–µ–Ω—Ü–µ–º –≤—ã–≥–Ω–∞–ª–∏ –∏–∑ –¢—Ä–µ—Ç—å—è–∫–æ–≤–∫–∏. –ò –≤–æ—Ç –Ω–æ–≤—ã–π —Å–ª—É—á–∞–π ‚Äî –ø–æ—Å–µ—Ç–∏—Ç–µ–ª–∏ –ü—É—à–∫–∏–Ω—Å–∫–æ–≥–æ –º—É–∑–µ—è –∑–∞—Ç—Ä–∞–≤–∏–ª–∏ –¥—Ä—É–≥—É—é –∂–µ–Ω—â–∏–Ω—É —Å —Ä–µ–±—ë–Ω–∫–æ–º. –ó–∞ —á—Ç–æ? –ò –ø–æ—á–µ–º—É –±–µ—Ä–µ–º–µ–Ω–Ω—ã–µ –∏ –º–∞–º—ã —Å –¥–µ—Ç—å–º–∏ –±–æ—è—Ç—Å—è –≤—ã—Ö–æ–¥–∏—Ç—å –∏–∑ –¥–æ–º–∞?  –ü–æ–¥—Ä–æ–±–Ω–µ–µ –≤ ¬´–°–ø–µ—Ü–∏–∞–ª—å–Ω–æ–º —Ä–µ–ø–æ—Ä—Ç–∞–∂–µ¬ª: https://s.m24.ru/FEmbJD
-35068738,2019-12-20T05:04:15.000Z,–í –ö—Ä–∞—Å–Ω–æ–¥–∞—Ä–µ –Ω–∞ —Å—Ç–µ–Ω–µ –∫–æ—Ç–µ–ª—å–Ω–æ–π —Ö—É–¥–æ–∂–Ω–∏–∫–∏ –Ω–∞—Ä–∏—Å–æ–≤–∞–ª–∏ –≥—Ä–∞—Ñ—Ñ–∏—Ç–∏ —Å –ø–æ—Ä—Ç—Ä–µ—Ç–æ–º –Æ—Ä–∏—è –ù–∏–∫—É–ª–∏–Ω–∞. –û–Ω –∏–∑–æ–±—Ä–∞–∂—ë–Ω –≤ —Ä–æ–ª–∏ —Ñ—Ä–æ–Ω—Ç–æ–≤–æ–≥–æ –∂—É—Ä–Ω–∞–ª–∏—Å—Ç–∞ –õ–æ–ø–∞—Ç–∏–Ω–∞ –∏–∑ —Ñ–∏–ª—å–º–∞ ¬´20 –¥–Ω–µ–π –±–µ–∑ –≤–æ–π–Ω—ã¬ª. –í –±—É–¥—É—â–µ–º –ø–ª–∞–Ω–∏—Ä—É–µ—Ç—Å—è —Å–µ—Ä–∏—è —Å—Ç—Ä–∏—Ç-–∞—Ä—Ç–æ–≤ –∫–æ—Ç–æ—Ä—ã–µ —É–∫—Ä–∞—Å—è—Ç —Å—Ç–µ–Ω—ã —Ö–æ–∑—è–π—Å—Ç–≤–µ–Ω–Ω—ã—Ö –ø–æ—Å—Ç—Ä–æ–µ–∫ –ö—Ä–∞—Å–Ω–æ–¥–∞—Ä–∞ –≤ —á–µ—Å—Ç—å 75-–π –≥–æ–¥–æ–≤—â–∏–Ω—ã –ü–æ–±–µ–¥—ã.–ê–≤—Ç–æ—Ä—ã —Ä–∞–±–æ—Ç—ã: –ï–≤–≥–µ–Ω–∏–π –£—Å—Ç–∏–Ω—Å–∫–∏–π –∏ –Æ—Ä–∏–π –ë–ª–æ–Ω—Å–∫–∏–π
-35068738,2019-12-20T03:55:51.000Z,üå°–°–∏–Ω–æ–ø—Ç–∏–∫–∏ –æ–±–µ—â–∞—é—Ç –Ω–æ–≤—ã–µ —Ç–µ–º–ø–µ—Ä–∞—Ç—É—Ä–Ω—ã–µ —Ä–µ–∫–æ—Ä–¥—ã –≤ –ú–æ—Å–∫–≤–µ –Ω–∞ —Å–ª–µ–¥—É—é—â–µ–π –Ω–µ–¥–µ–ª–µ. –í —Å—Ç–æ–ª–∏—Ü–µ —É—Å—Ç–∞–Ω–æ–≤–∏–ª–∞—Å—å –ø–ª—é—Å–æ–≤–∞—è —Ç–µ–º–ø–µ—Ä–∞—Ç—É—Ä–∞ –∏ —è–≤–Ω–æ –Ω–µ —Å–æ–±–∏—Ä–∞–µ—Ç—Å—è –µ—ë –ø–æ–∫–∏–¥–∞—Ç—å. –ü–æ–¥—Ä–æ–±–Ω–µ–µ: https://s.m24.ru/CV07Cc –§–æ—Ç–æ: –ú–æ—Å–∫–≤–∞ 24
